--
-- PostgreSQL database dump
--

-- Dumped from database version 16.1
-- Dumped by pg_dump version 16.1

SET statement_timeout = 0;
SET lock_timeout = 0;
SET idle_in_transaction_session_timeout = 0;
SET client_encoding = 'UTF8';
SET standard_conforming_strings = on;
SELECT pg_catalog.set_config('search_path', '', false);
SET check_function_bodies = false;
SET xmloption = content;
SET client_min_messages = warning;
SET row_security = off;

SET default_tablespace = '';

SET default_table_access_method = heap;

--
-- Name: app_answer; Type: TABLE; Schema: public; Owner: postgres
--

CREATE TABLE public.app_answer (
    id bigint NOT NULL,
    text text NOT NULL,
    rating integer NOT NULL,
    created_at timestamp with time zone NOT NULL,
    updated_at timestamp with time zone NOT NULL,
    question_id bigint NOT NULL,
    user_id integer NOT NULL
);


ALTER TABLE public.app_answer OWNER TO postgres;

--
-- Name: app_answer_id_seq; Type: SEQUENCE; Schema: public; Owner: postgres
--

ALTER TABLE public.app_answer ALTER COLUMN id ADD GENERATED BY DEFAULT AS IDENTITY (
    SEQUENCE NAME public.app_answer_id_seq
    START WITH 1
    INCREMENT BY 1
    NO MINVALUE
    NO MAXVALUE
    CACHE 1
);


--
-- Name: app_answerlike; Type: TABLE; Schema: public; Owner: postgres
--

CREATE TABLE public.app_answerlike (
    id bigint NOT NULL,
    is_like boolean NOT NULL,
    answer_id bigint NOT NULL,
    user_id integer NOT NULL
);


ALTER TABLE public.app_answerlike OWNER TO postgres;

--
-- Name: app_answerlike_id_seq; Type: SEQUENCE; Schema: public; Owner: postgres
--

ALTER TABLE public.app_answerlike ALTER COLUMN id ADD GENERATED BY DEFAULT AS IDENTITY (
    SEQUENCE NAME public.app_answerlike_id_seq
    START WITH 1
    INCREMENT BY 1
    NO MINVALUE
    NO MAXVALUE
    CACHE 1
);


--
-- Name: app_profile; Type: TABLE; Schema: public; Owner: postgres
--

CREATE TABLE public.app_profile (
    user_ptr_id integer NOT NULL,
    avatar character varying(100) NOT NULL
);


ALTER TABLE public.app_profile OWNER TO postgres;

--
-- Name: app_question; Type: TABLE; Schema: public; Owner: postgres
--

CREATE TABLE public.app_question (
    id bigint NOT NULL,
    title character varying(200) NOT NULL,
    text text NOT NULL,
    rating integer NOT NULL,
    created_at timestamp with time zone NOT NULL,
    updated_at timestamp with time zone NOT NULL,
    correct_answer_id bigint,
    user_id integer NOT NULL
);


ALTER TABLE public.app_question OWNER TO postgres;

--
-- Name: app_question_id_seq; Type: SEQUENCE; Schema: public; Owner: postgres
--

ALTER TABLE public.app_question ALTER COLUMN id ADD GENERATED BY DEFAULT AS IDENTITY (
    SEQUENCE NAME public.app_question_id_seq
    START WITH 1
    INCREMENT BY 1
    NO MINVALUE
    NO MAXVALUE
    CACHE 1
);


--
-- Name: app_question_tags; Type: TABLE; Schema: public; Owner: postgres
--

CREATE TABLE public.app_question_tags (
    id bigint NOT NULL,
    question_id bigint NOT NULL,
    tag_id bigint NOT NULL
);


ALTER TABLE public.app_question_tags OWNER TO postgres;

--
-- Name: app_question_tags_id_seq; Type: SEQUENCE; Schema: public; Owner: postgres
--

ALTER TABLE public.app_question_tags ALTER COLUMN id ADD GENERATED BY DEFAULT AS IDENTITY (
    SEQUENCE NAME public.app_question_tags_id_seq
    START WITH 1
    INCREMENT BY 1
    NO MINVALUE
    NO MAXVALUE
    CACHE 1
);


--
-- Name: app_questionlike; Type: TABLE; Schema: public; Owner: postgres
--

CREATE TABLE public.app_questionlike (
    id bigint NOT NULL,
    is_like boolean NOT NULL,
    question_id bigint NOT NULL,
    user_id integer NOT NULL
);


ALTER TABLE public.app_questionlike OWNER TO postgres;

--
-- Name: app_questionlike_id_seq; Type: SEQUENCE; Schema: public; Owner: postgres
--

ALTER TABLE public.app_questionlike ALTER COLUMN id ADD GENERATED BY DEFAULT AS IDENTITY (
    SEQUENCE NAME public.app_questionlike_id_seq
    START WITH 1
    INCREMENT BY 1
    NO MINVALUE
    NO MAXVALUE
    CACHE 1
);


--
-- Name: app_tag; Type: TABLE; Schema: public; Owner: postgres
--

CREATE TABLE public.app_tag (
    id bigint NOT NULL,
    name character varying(20) NOT NULL
);


ALTER TABLE public.app_tag OWNER TO postgres;

--
-- Name: app_tag_id_seq; Type: SEQUENCE; Schema: public; Owner: postgres
--

ALTER TABLE public.app_tag ALTER COLUMN id ADD GENERATED BY DEFAULT AS IDENTITY (
    SEQUENCE NAME public.app_tag_id_seq
    START WITH 1
    INCREMENT BY 1
    NO MINVALUE
    NO MAXVALUE
    CACHE 1
);


--
-- Name: auth_group; Type: TABLE; Schema: public; Owner: postgres
--

CREATE TABLE public.auth_group (
    id integer NOT NULL,
    name character varying(150) NOT NULL
);


ALTER TABLE public.auth_group OWNER TO postgres;

--
-- Name: auth_group_id_seq; Type: SEQUENCE; Schema: public; Owner: postgres
--

ALTER TABLE public.auth_group ALTER COLUMN id ADD GENERATED BY DEFAULT AS IDENTITY (
    SEQUENCE NAME public.auth_group_id_seq
    START WITH 1
    INCREMENT BY 1
    NO MINVALUE
    NO MAXVALUE
    CACHE 1
);


--
-- Name: auth_group_permissions; Type: TABLE; Schema: public; Owner: postgres
--

CREATE TABLE public.auth_group_permissions (
    id bigint NOT NULL,
    group_id integer NOT NULL,
    permission_id integer NOT NULL
);


ALTER TABLE public.auth_group_permissions OWNER TO postgres;

--
-- Name: auth_group_permissions_id_seq; Type: SEQUENCE; Schema: public; Owner: postgres
--

ALTER TABLE public.auth_group_permissions ALTER COLUMN id ADD GENERATED BY DEFAULT AS IDENTITY (
    SEQUENCE NAME public.auth_group_permissions_id_seq
    START WITH 1
    INCREMENT BY 1
    NO MINVALUE
    NO MAXVALUE
    CACHE 1
);


--
-- Name: auth_permission; Type: TABLE; Schema: public; Owner: postgres
--

CREATE TABLE public.auth_permission (
    id integer NOT NULL,
    name character varying(255) NOT NULL,
    content_type_id integer NOT NULL,
    codename character varying(100) NOT NULL
);


ALTER TABLE public.auth_permission OWNER TO postgres;

--
-- Name: auth_permission_id_seq; Type: SEQUENCE; Schema: public; Owner: postgres
--

ALTER TABLE public.auth_permission ALTER COLUMN id ADD GENERATED BY DEFAULT AS IDENTITY (
    SEQUENCE NAME public.auth_permission_id_seq
    START WITH 1
    INCREMENT BY 1
    NO MINVALUE
    NO MAXVALUE
    CACHE 1
);


--
-- Name: auth_user; Type: TABLE; Schema: public; Owner: postgres
--

CREATE TABLE public.auth_user (
    id integer NOT NULL,
    password character varying(128) NOT NULL,
    last_login timestamp with time zone,
    is_superuser boolean NOT NULL,
    username character varying(150) NOT NULL,
    first_name character varying(150) NOT NULL,
    last_name character varying(150) NOT NULL,
    email character varying(254) NOT NULL,
    is_staff boolean NOT NULL,
    is_active boolean NOT NULL,
    date_joined timestamp with time zone NOT NULL
);


ALTER TABLE public.auth_user OWNER TO postgres;

--
-- Name: auth_user_groups; Type: TABLE; Schema: public; Owner: postgres
--

CREATE TABLE public.auth_user_groups (
    id bigint NOT NULL,
    user_id integer NOT NULL,
    group_id integer NOT NULL
);


ALTER TABLE public.auth_user_groups OWNER TO postgres;

--
-- Name: auth_user_groups_id_seq; Type: SEQUENCE; Schema: public; Owner: postgres
--

ALTER TABLE public.auth_user_groups ALTER COLUMN id ADD GENERATED BY DEFAULT AS IDENTITY (
    SEQUENCE NAME public.auth_user_groups_id_seq
    START WITH 1
    INCREMENT BY 1
    NO MINVALUE
    NO MAXVALUE
    CACHE 1
);


--
-- Name: auth_user_id_seq; Type: SEQUENCE; Schema: public; Owner: postgres
--

ALTER TABLE public.auth_user ALTER COLUMN id ADD GENERATED BY DEFAULT AS IDENTITY (
    SEQUENCE NAME public.auth_user_id_seq
    START WITH 1
    INCREMENT BY 1
    NO MINVALUE
    NO MAXVALUE
    CACHE 1
);


--
-- Name: auth_user_user_permissions; Type: TABLE; Schema: public; Owner: postgres
--

CREATE TABLE public.auth_user_user_permissions (
    id bigint NOT NULL,
    user_id integer NOT NULL,
    permission_id integer NOT NULL
);


ALTER TABLE public.auth_user_user_permissions OWNER TO postgres;

--
-- Name: auth_user_user_permissions_id_seq; Type: SEQUENCE; Schema: public; Owner: postgres
--

ALTER TABLE public.auth_user_user_permissions ALTER COLUMN id ADD GENERATED BY DEFAULT AS IDENTITY (
    SEQUENCE NAME public.auth_user_user_permissions_id_seq
    START WITH 1
    INCREMENT BY 1
    NO MINVALUE
    NO MAXVALUE
    CACHE 1
);


--
-- Name: django_admin_log; Type: TABLE; Schema: public; Owner: postgres
--

CREATE TABLE public.django_admin_log (
    id integer NOT NULL,
    action_time timestamp with time zone NOT NULL,
    object_id text,
    object_repr character varying(200) NOT NULL,
    action_flag smallint NOT NULL,
    change_message text NOT NULL,
    content_type_id integer,
    user_id integer NOT NULL,
    CONSTRAINT django_admin_log_action_flag_check CHECK ((action_flag >= 0))
);


ALTER TABLE public.django_admin_log OWNER TO postgres;

--
-- Name: django_admin_log_id_seq; Type: SEQUENCE; Schema: public; Owner: postgres
--

ALTER TABLE public.django_admin_log ALTER COLUMN id ADD GENERATED BY DEFAULT AS IDENTITY (
    SEQUENCE NAME public.django_admin_log_id_seq
    START WITH 1
    INCREMENT BY 1
    NO MINVALUE
    NO MAXVALUE
    CACHE 1
);


--
-- Name: django_content_type; Type: TABLE; Schema: public; Owner: postgres
--

CREATE TABLE public.django_content_type (
    id integer NOT NULL,
    app_label character varying(100) NOT NULL,
    model character varying(100) NOT NULL
);


ALTER TABLE public.django_content_type OWNER TO postgres;

--
-- Name: django_content_type_id_seq; Type: SEQUENCE; Schema: public; Owner: postgres
--

ALTER TABLE public.django_content_type ALTER COLUMN id ADD GENERATED BY DEFAULT AS IDENTITY (
    SEQUENCE NAME public.django_content_type_id_seq
    START WITH 1
    INCREMENT BY 1
    NO MINVALUE
    NO MAXVALUE
    CACHE 1
);


--
-- Name: django_migrations; Type: TABLE; Schema: public; Owner: postgres
--

CREATE TABLE public.django_migrations (
    id bigint NOT NULL,
    app character varying(255) NOT NULL,
    name character varying(255) NOT NULL,
    applied timestamp with time zone NOT NULL
);


ALTER TABLE public.django_migrations OWNER TO postgres;

--
-- Name: django_migrations_id_seq; Type: SEQUENCE; Schema: public; Owner: postgres
--

ALTER TABLE public.django_migrations ALTER COLUMN id ADD GENERATED BY DEFAULT AS IDENTITY (
    SEQUENCE NAME public.django_migrations_id_seq
    START WITH 1
    INCREMENT BY 1
    NO MINVALUE
    NO MAXVALUE
    CACHE 1
);


--
-- Name: django_session; Type: TABLE; Schema: public; Owner: postgres
--

CREATE TABLE public.django_session (
    session_key character varying(40) NOT NULL,
    session_data text NOT NULL,
    expire_date timestamp with time zone NOT NULL
);


ALTER TABLE public.django_session OWNER TO postgres;

--
-- Data for Name: app_answer; Type: TABLE DATA; Schema: public; Owner: postgres
--

COPY public.app_answer (id, text, rating, created_at, updated_at, question_id, user_id) FROM stdin;
304	Ответ2	0	2023-11-14 03:48:37.122284+03	2023-11-14 03:48:37.122284+03	164	105
305	Ответ1	0	2023-11-14 03:48:37.122284+03	2023-11-14 03:48:37.123285+03	193	121
313	Ответ0	0	2023-11-14 03:48:37.126284+03	2023-11-14 03:48:37.126284+03	182	102
317	Ответ2	0	2023-11-14 03:48:37.128284+03	2023-11-14 03:48:37.128284+03	171	93
321	Ответ2	0	2023-11-14 03:48:37.130286+03	2023-11-14 03:48:37.130286+03	174	104
351	Ответ1	0	2023-11-14 03:48:37.144286+03	2023-11-14 03:48:37.144286+03	169	100
355	Ответ4	0	2023-11-14 03:48:37.145284+03	2023-11-14 03:48:37.145284+03	181	117
365	Ответ2	0	2023-11-14 03:48:37.150285+03	2023-11-14 03:48:37.150285+03	199	94
388	Ответ3	0	2023-11-14 03:48:37.161284+03	2023-11-14 03:48:37.161284+03	189	102
390	Ответ4	0	2023-11-14 03:48:37.162284+03	2023-11-14 03:48:37.162284+03	200	119
391	Ответ5	0	2023-11-14 03:48:37.162284+03	2023-11-14 03:48:37.162284+03	187	92
395	Ответ6	0	2023-11-14 03:48:37.164284+03	2023-11-14 03:48:37.164284+03	165	96
396	Ответ5	0	2023-11-14 03:48:37.165284+03	2023-11-14 03:48:37.165284+03	182	108
341	Ответ6	-1	2023-11-14 03:48:37.139285+03	2023-11-14 03:48:37.361284+03	176	120
328	Ответ1	-1	2023-11-14 03:48:37.133284+03	2023-11-14 03:48:37.387286+03	158	109
348	Ответ1	0	2023-11-14 03:48:37.142284+03	2023-11-14 03:48:37.802285+03	163	120
386	Ответ1	0	2023-11-14 03:48:37.160285+03	2023-11-14 03:48:37.759285+03	157	113
362	Ответ1	0	2023-11-14 03:48:37.149285+03	2023-11-14 03:48:37.735284+03	192	118
306	Ответ0	3	2023-11-14 03:48:37.123285+03	2023-11-14 03:48:37.843284+03	194	96
382	Ответ4	1	2023-11-14 03:48:37.157284+03	2023-11-14 03:48:37.838286+03	183	110
316	Ответ2	-1	2023-11-14 03:48:37.128284+03	2023-11-14 03:48:37.816285+03	151	95
368	Ответ5	-1	2023-11-14 03:48:37.151287+03	2023-11-14 03:48:37.791284+03	170	116
363	Ответ5	1	2023-11-14 03:48:37.149285+03	2023-11-14 03:48:37.795284+03	162	99
383	Ответ6	-1	2023-11-14 03:48:37.158284+03	2023-11-14 03:48:37.373285+03	188	113
302	Ответ0	2	2023-11-14 03:48:37.121283+03	2023-11-14 03:48:37.840285+03	159	103
379	Ответ2	1	2023-11-14 03:48:37.156284+03	2023-11-14 03:48:37.746284+03	177	105
357	Ответ0	-3	2023-11-14 03:48:37.146285+03	2023-11-14 03:48:37.827285+03	196	95
361	Ответ4	1	2023-11-14 03:48:37.148284+03	2023-11-14 03:48:37.718285+03	191	97
369	Ответ0	2	2023-11-14 03:48:37.152284+03	2023-11-14 03:48:37.834285+03	177	98
384	Ответ5	-1	2023-11-14 03:48:37.158284+03	2023-11-14 03:48:37.752284+03	155	101
359	Ответ3	1	2023-11-14 03:48:37.147287+03	2023-11-14 03:48:37.762285+03	159	99
333	Ответ4	-2	2023-11-14 03:48:37.135284+03	2023-11-14 03:48:37.792285+03	183	95
334	Ответ0	-2	2023-11-14 03:48:37.136285+03	2023-11-14 03:48:37.787285+03	194	119
326	Ответ1	0	2023-11-14 03:48:37.132287+03	2023-11-14 03:48:37.751287+03	164	113
339	Ответ6	0	2023-11-14 03:48:37.138285+03	2023-11-14 03:48:37.784285+03	153	121
385	Ответ3	1	2023-11-14 03:48:37.159285+03	2023-11-14 03:48:37.402283+03	184	108
310	Ответ1	-1	2023-11-14 03:48:37.125284+03	2023-11-14 03:48:37.786286+03	159	105
392	Ответ4	1	2023-11-14 03:48:37.163284+03	2023-11-14 03:48:37.738284+03	151	97
337	Ответ1	-1	2023-11-14 03:48:37.137285+03	2023-11-14 03:48:37.778285+03	188	102
318	Ответ3	-1	2023-11-14 03:48:37.128284+03	2023-11-14 03:48:37.399285+03	163	97
330	Ответ3	2	2023-11-14 03:48:37.134286+03	2023-11-14 03:48:37.801284+03	157	120
372	Ответ5	0	2023-11-14 03:48:37.153285+03	2023-11-14 03:48:37.799285+03	191	95
366	Ответ6	-1	2023-11-14 03:48:37.150285+03	2023-11-14 03:48:37.798286+03	163	105
331	Ответ6	-1	2023-11-14 03:48:37.135284+03	2023-11-14 03:48:37.770284+03	194	107
323	Ответ6	0	2023-11-14 03:48:37.131287+03	2023-11-14 03:48:37.760285+03	172	97
350	Ответ4	0	2023-11-14 03:48:37.143286+03	2023-11-14 03:48:37.823284+03	159	101
312	Ответ4	1	2023-11-14 03:48:37.126284+03	2023-11-14 03:48:37.710284+03	173	115
353	Ответ0	2	2023-11-14 03:48:37.145284+03	2023-11-14 03:48:37.777284+03	173	108
329	Ответ3	-1	2023-11-14 03:48:37.134286+03	2023-11-14 03:48:37.84529+03	168	101
311	Ответ3	-1	2023-11-14 03:48:37.125284+03	2023-11-14 03:48:37.714285+03	173	115
381	Ответ3	1	2023-11-14 03:48:37.157284+03	2023-11-14 03:48:37.824285+03	180	93
376	Ответ4	-3	2023-11-14 03:48:37.155285+03	2023-11-14 03:48:37.820284+03	159	95
347	Ответ0	-2	2023-11-14 03:48:37.142284+03	2023-11-14 03:48:37.810285+03	188	103
338	Ответ3	1	2023-11-14 03:48:37.138285+03	2023-11-14 03:48:37.723284+03	166	101
354	Ответ6	-1	2023-11-14 03:48:37.145284+03	2023-11-14 03:48:37.721285+03	200	117
332	Ответ3	-2	2023-11-14 03:48:37.135284+03	2023-11-14 03:48:37.722284+03	155	102
371	Ответ1	-1	2023-11-14 03:48:37.153285+03	2023-11-14 03:48:37.835286+03	187	121
360	Ответ0	1	2023-11-14 03:48:37.148284+03	2023-11-14 03:48:37.725285+03	165	110
324	Ответ5	1	2023-11-14 03:48:37.131287+03	2023-11-14 03:48:37.852285+03	180	107
356	Ответ4	-1	2023-11-14 03:48:37.146285+03	2023-11-14 03:48:37.853285+03	160	109
307	Ответ3	0	2023-11-14 03:48:37.124285+03	2023-11-14 03:48:37.853285+03	175	113
352	Ответ6	1	2023-11-14 03:48:37.144286+03	2023-11-14 03:48:37.736285+03	161	96
389	Ответ6	2	2023-11-14 03:48:37.161284+03	2023-11-14 03:48:37.826285+03	198	107
358	Ответ2	-1	2023-11-14 03:48:37.147287+03	2023-11-14 03:48:37.821284+03	180	116
393	Ответ4	-1	2023-11-14 03:48:37.163284+03	2023-11-14 03:48:37.742285+03	174	98
308	Ответ1	2	2023-11-14 03:48:37.124285+03	2023-11-14 03:48:37.751287+03	168	114
394	Ответ1	-1	2023-11-14 03:48:37.164284+03	2023-11-14 03:48:37.767284+03	196	97
336	Ответ5	1	2023-11-14 03:48:37.137285+03	2023-11-14 03:48:37.832285+03	170	112
320	Ответ6	-1	2023-11-14 03:48:37.129284+03	2023-11-14 03:48:37.748284+03	166	102
315	Ответ3	-1	2023-11-14 03:48:37.127285+03	2023-11-14 03:48:37.850284+03	167	118
378	Ответ5	-1	2023-11-14 03:48:37.156284+03	2023-11-14 03:48:37.764285+03	171	115
314	Ответ1	1	2023-11-14 03:48:37.127285+03	2023-11-14 03:48:37.841284+03	168	115
319	Ответ4	1	2023-11-14 03:48:37.129284+03	2023-11-14 03:48:37.803284+03	185	121
309	Ответ5	-1	2023-11-14 03:48:37.124285+03	2023-11-14 03:48:37.757287+03	169	103
303	Ответ3	3	2023-11-14 03:48:37.121283+03	2023-11-14 03:48:37.758284+03	174	108
349	Ответ5	0	2023-11-14 03:48:37.143286+03	2023-11-14 03:48:37.763285+03	154	115
377	Ответ0	-1	2023-11-14 03:48:37.155285+03	2023-11-14 03:48:37.780285+03	161	102
325	Ответ5	1	2023-11-14 03:48:37.132287+03	2023-11-14 03:48:37.843284+03	180	97
301	Ответ4	-3	2023-11-14 03:48:37.120285+03	2023-11-14 03:48:37.849284+03	198	95
322	Ответ5	-1	2023-11-14 03:48:37.130286+03	2023-11-14 03:48:37.773285+03	184	92
397	Ответ1	-1	2023-11-14 03:48:37.165284+03	2023-11-14 03:48:37.807284+03	192	121
367	Ответ1	-1	2023-11-14 03:48:37.151287+03	2023-11-14 03:48:37.775286+03	154	116
345	Ответ2	0	2023-11-14 03:48:37.141285+03	2023-11-14 03:48:37.779285+03	197	115
342	Ответ6	1	2023-11-14 03:48:37.139285+03	2023-11-14 03:48:37.781285+03	159	92
370	Ответ5	2	2023-11-14 03:48:37.152284+03	2023-11-14 03:48:37.791284+03	155	109
344	Ответ1	0	2023-11-14 03:48:37.140284+03	2023-11-14 03:48:37.848284+03	165	94
327	Ответ3	-2	2023-11-14 03:48:37.133284+03	2023-11-14 03:48:37.839285+03	184	102
340	Ответ6	0	2023-11-14 03:48:37.139285+03	2023-11-14 03:48:37.854283+03	192	109
380	Ответ4	0	2023-11-14 03:48:37.156284+03	2023-11-14 03:48:37.833285+03	167	107
364	Ответ5	0	2023-11-14 03:48:37.149285+03	2023-11-14 03:48:37.837289+03	186	119
374	Ответ2	-4	2023-11-14 03:48:37.154285+03	2023-11-14 03:48:37.855285+03	164	97
373	Ответ6	1	2023-11-14 03:48:37.153285+03	2023-11-14 03:48:37.847284+03	187	94
346	Ответ5	2	2023-11-14 03:48:37.141285+03	2023-11-14 03:48:37.379284+03	170	106
387	Ответ3	-1	2023-11-14 03:48:37.160285+03	2023-11-14 03:48:37.393285+03	162	97
375	Ответ3	1	2023-11-14 03:48:37.154285+03	2023-11-14 03:48:37.726284+03	189	110
335	Ответ6	2	2023-11-14 03:48:37.136285+03	2023-11-14 03:48:37.744284+03	155	106
398	Ответ3	-1	2023-11-14 03:48:37.166284+03	2023-11-14 03:48:37.795284+03	196	106
343	Ответ4	0	2023-11-14 03:48:37.140284+03	2023-11-14 03:48:37.822285+03	172	101
399	Ответ6	-3	2023-11-14 03:48:37.166284+03	2023-11-14 03:48:37.846285+03	188	100
400	Ответ0	1	2023-11-14 03:48:37.166284+03	2023-11-14 03:48:37.851283+03	197	104
\.


--
-- Data for Name: app_answerlike; Type: TABLE DATA; Schema: public; Owner: postgres
--

COPY public.app_answerlike (id, is_like, answer_id, user_id) FROM stdin;
601	t	346	108
602	f	341	110
603	f	335	114
604	t	330	103
605	f	352	92
606	f	374	111
607	f	335	109
608	f	368	108
609	f	371	97
610	f	362	111
611	f	314	104
612	t	370	99
613	t	370	117
614	t	303	104
615	f	383	114
616	f	371	110
617	t	303	102
618	f	370	105
619	f	323	121
620	f	339	117
621	t	346	100
622	t	367	117
623	t	323	114
624	t	363	106
625	f	345	93
626	t	308	116
627	f	310	106
628	f	368	105
629	f	328	113
630	t	306	101
631	t	302	103
632	f	376	110
633	t	350	97
634	f	324	116
635	t	339	116
636	f	387	114
637	f	331	112
638	f	358	111
639	t	342	103
640	f	372	116
641	t	342	104
642	f	318	111
643	t	335	99
644	f	333	100
645	f	350	101
646	t	385	101
647	f	386	115
648	f	399	115
649	t	358	117
650	t	360	102
651	t	335	94
652	t	312	112
653	f	367	106
654	t	389	97
655	f	315	114
656	f	311	95
657	t	366	94
658	f	334	109
659	f	360	105
660	t	323	118
661	t	361	100
662	f	332	111
663	t	335	105
664	f	354	116
665	f	332	103
666	t	338	112
667	t	369	100
668	t	360	108
669	t	375	115
670	f	382	95
671	t	352	118
672	t	306	118
673	t	310	103
674	f	394	99
675	f	366	117
676	f	381	107
677	t	324	118
678	t	374	117
679	t	362	92
680	t	364	119
681	t	352	111
682	f	339	114
683	t	392	109
684	f	357	115
685	t	366	99
686	f	307	120
687	f	393	118
688	f	326	108
689	f	345	101
690	t	335	117
691	t	331	112
692	t	379	106
693	f	348	96
694	f	320	105
695	t	348	101
696	f	302	117
697	t	326	112
698	t	308	117
699	f	384	117
700	t	349	97
701	f	356	119
702	f	348	118
703	f	347	113
704	f	309	114
705	t	303	96
706	f	306	96
707	t	386	119
708	f	323	100
709	f	394	101
710	t	359	117
711	f	349	96
712	f	378	119
713	t	345	95
714	t	394	92
715	t	353	119
716	f	350	115
717	t	343	112
718	f	331	113
719	t	380	112
720	t	344	109
721	f	322	107
722	t	325	104
723	f	367	97
724	t	353	118
725	f	337	112
726	t	345	103
727	f	377	121
728	f	342	110
729	f	366	114
730	f	376	102
731	t	339	105
732	f	374	118
733	f	310	98
734	f	334	119
735	t	356	103
736	t	373	100
737	f	301	99
738	t	370	117
739	t	368	105
740	f	333	96
741	f	363	106
742	t	363	109
743	f	398	102
744	f	366	106
745	t	372	108
746	t	330	103
747	t	348	100
748	t	319	114
749	t	373	114
750	f	374	113
751	f	315	112
752	t	325	119
753	f	397	120
754	t	382	95
755	f	347	109
756	f	399	119
757	f	301	103
758	f	374	104
759	t	306	113
760	t	314	121
761	f	316	98
762	f	357	108
763	t	306	116
764	t	356	99
765	f	376	107
766	f	358	106
767	f	343	101
768	t	350	98
769	t	381	112
770	t	381	98
771	f	306	93
772	t	389	100
773	f	357	98
774	f	356	100
775	t	302	114
776	t	336	112
777	f	380	118
778	t	369	111
779	t	371	120
780	f	327	95
781	f	364	119
782	t	382	101
783	f	327	118
784	t	302	110
785	t	314	111
786	t	306	104
787	f	325	114
788	f	329	98
789	t	340	108
790	f	399	107
791	f	373	102
792	f	344	109
793	f	301	116
794	t	315	105
795	t	400	106
796	t	324	114
797	t	307	99
798	f	356	100
799	f	340	115
800	f	374	105
\.


--
-- Data for Name: app_profile; Type: TABLE DATA; Schema: public; Owner: postgres
--

COPY public.app_profile (user_ptr_id, avatar) FROM stdin;
92	7.png
93	2.png
94	7.png
95	4.png
96	8.png
97	8.png
98	2.png
99	8.png
100	7.png
101	7.png
102	6.png
103	4.png
104	1.png
105	6.png
106	5.png
107	4.png
108	4.png
109	5.png
110	3.png
111	4.png
112	1.png
113	7.png
114	8.png
115	1.png
116	8.png
117	8.png
118	8.png
119	3.png
120	3.png
121	8.png
\.


--
-- Data for Name: app_question; Type: TABLE DATA; Schema: public; Owner: postgres
--

COPY public.app_question (id, title, text, rating, created_at, updated_at, correct_answer_id, user_id) FROM stdin;
165	14_ Вопрос6	Вопрос0	0	2023-11-14 03:48:37.076284+03	2023-11-14 03:48:37.076284+03	\N	116
179	28_ Вопрос3	Вопрос4	0	2023-11-14 03:48:37.096285+03	2023-11-14 03:48:37.096285+03	\N	103
198	47_ Вопрос0	Вопрос4	0	2023-11-14 03:48:37.116284+03	2023-11-14 03:48:37.116284+03	\N	106
194	43_ Вопрос3	Вопрос2	-2	2023-11-14 03:48:37.112285+03	2023-11-14 03:48:37.299284+03	\N	99
159	8_ Вопрос2	Вопрос1	2	2023-11-14 03:48:37.067284+03	2023-11-14 03:48:37.339284+03	\N	113
191	40_ Вопрос5	Вопрос4	0	2023-11-14 03:48:37.108284+03	2023-11-14 03:48:37.279284+03	\N	108
193	42_ Вопрос4	Вопрос3	-1	2023-11-14 03:48:37.111284+03	2023-11-14 03:48:37.300287+03	\N	121
163	12_ Вопрос5	Вопрос0	0	2023-11-14 03:48:37.074285+03	2023-11-14 03:48:37.235284+03	\N	106
170	19_ Вопрос2	Вопрос1	1	2023-11-14 03:48:37.083286+03	2023-11-14 03:48:37.320285+03	\N	118
154	3_ Вопрос1	Вопрос1	0	2023-11-14 03:48:37.062284+03	2023-11-14 03:48:37.321284+03	\N	113
183	32_ Вопрос1	Вопрос0	0	2023-11-14 03:48:37.101284+03	2023-11-14 03:48:37.322285+03	\N	104
156	5_ Вопрос0	Вопрос6	0	2023-11-14 03:48:37.063284+03	2023-11-14 03:48:37.281285+03	\N	113
197	46_ Вопрос4	Вопрос1	-2	2023-11-14 03:48:37.115284+03	2023-11-14 03:48:37.339284+03	\N	112
161	10_ Вопрос1	Вопрос1	1	2023-11-14 03:48:37.071285+03	2023-11-14 03:48:37.324286+03	\N	97
168	17_ Вопрос1	Вопрос5	1	2023-11-14 03:48:37.081286+03	2023-11-14 03:48:37.340284+03	\N	99
181	30_ Вопрос3	Вопрос5	1	2023-11-14 03:48:37.098284+03	2023-11-14 03:48:37.325285+03	\N	107
200	49_ Вопрос4	Вопрос6	-1	2023-11-14 03:48:37.117285+03	2023-11-14 03:48:37.326284+03	\N	105
188	37_ Вопрос2	Вопрос4	2	2023-11-14 03:48:37.103284+03	2023-11-14 03:48:37.287284+03	\N	108
196	45_ Вопрос2	Вопрос3	1	2023-11-14 03:48:37.114284+03	2023-11-14 03:48:37.341285+03	\N	99
192	41_ Вопрос0	Вопрос5	1	2023-11-14 03:48:37.109284+03	2023-11-14 03:48:37.342286+03	\N	107
180	29_ Вопрос3	Вопрос5	0	2023-11-14 03:48:37.096285+03	2023-11-14 03:48:37.307288+03	\N	120
185	34_ Вопрос3	Вопрос1	-1	2023-11-14 03:48:37.102285+03	2023-11-14 03:48:37.289285+03	\N	99
187	36_ Вопрос4	Вопрос3	2	2023-11-14 03:48:37.103284+03	2023-11-14 03:48:37.344285+03	\N	103
176	25_ Вопрос4	Вопрос4	2	2023-11-14 03:48:37.091283+03	2023-11-14 03:48:37.308284+03	\N	118
152	1_ Вопрос3	Вопрос2	2	2023-11-14 03:48:37.058285+03	2023-11-14 03:48:37.345285+03	\N	118
186	35_ Вопрос3	Вопрос3	2	2023-11-14 03:48:37.102285+03	2023-11-14 03:48:37.308284+03	\N	99
172	21_ Вопрос6	Вопрос4	2	2023-11-14 03:48:37.086284+03	2023-11-14 03:48:37.346287+03	\N	101
153	2_ Вопрос1	Вопрос6	2	2023-11-14 03:48:37.060284+03	2023-11-14 03:48:37.347285+03	\N	114
178	27_ Вопрос4	Вопрос5	-1	2023-11-14 03:48:37.094286+03	2023-11-14 03:48:37.348284+03	\N	103
155	4_ Вопрос2	Вопрос1	-3	2023-11-14 03:48:37.062284+03	2023-11-14 03:48:37.349286+03	\N	115
166	15_ Вопрос6	Вопрос4	2	2023-11-14 03:48:37.079285+03	2023-11-14 03:48:37.328286+03	\N	109
157	6_ Вопрос3	Вопрос6	-2	2023-11-14 03:48:37.065285+03	2023-11-14 03:48:37.293284+03	\N	106
160	9_ Вопрос1	Вопрос3	-1	2023-11-14 03:48:37.069285+03	2023-11-14 03:48:37.351285+03	\N	111
195	44_ Вопрос4	Вопрос6	1	2023-11-14 03:48:37.114284+03	2023-11-14 03:48:37.352284+03	\N	99
173	22_ Вопрос3	Вопрос4	1	2023-11-14 03:48:37.088288+03	2023-11-14 03:48:37.329284+03	\N	98
199	48_ Вопрос3	Вопрос1	-1	2023-11-14 03:48:37.117285+03	2023-11-14 03:48:37.310284+03	\N	95
164	13_ Вопрос6	Вопрос0	0	2023-11-14 03:48:37.076284+03	2023-11-14 03:48:37.354284+03	\N	119
167	16_ Вопрос6	Вопрос3	-3	2023-11-14 03:48:37.080285+03	2023-11-14 03:48:37.330285+03	\N	96
174	23_ Вопрос0	Вопрос3	1	2023-11-14 03:48:37.089284+03	2023-11-14 03:48:37.233284+03	\N	117
184	33_ Вопрос3	Вопрос4	-1	2023-11-14 03:48:37.101284+03	2023-11-14 03:48:37.331285+03	\N	106
182	31_ Вопрос0	Вопрос0	-5	2023-11-14 03:48:37.099284+03	2023-11-14 03:48:37.355284+03	\N	93
151	0_ Вопрос4	Вопрос6	-4	2023-11-14 03:48:37.054284+03	2023-11-14 03:48:37.356285+03	\N	113
169	18_ Вопрос0	Вопрос3	-1	2023-11-14 03:48:37.082284+03	2023-11-14 03:48:37.312285+03	\N	105
158	7_ Вопрос6	Вопрос5	-1	2023-11-14 03:48:37.065285+03	2023-11-14 03:48:37.332284+03	\N	119
175	24_ Вопрос4	Вопрос6	-1	2023-11-14 03:48:37.089284+03	2023-11-14 03:48:37.313284+03	\N	96
190	39_ Вопрос5	Вопрос3	2	2023-11-14 03:48:37.106285+03	2023-11-14 03:48:37.333284+03	\N	94
177	26_ Вопрос4	Вопрос0	-1	2023-11-14 03:48:37.093286+03	2023-11-14 03:48:37.335285+03	\N	104
171	20_ Вопрос0	Вопрос0	4	2023-11-14 03:48:37.084286+03	2023-11-14 03:48:37.316284+03	\N	107
189	38_ Вопрос2	Вопрос3	-5	2023-11-14 03:48:37.105285+03	2023-11-14 03:48:37.317285+03	\N	105
162	11_ Вопрос2	Вопрос6	-2	2023-11-14 03:48:37.073285+03	2023-11-14 03:48:37.337285+03	\N	107
\.


--
-- Data for Name: app_question_tags; Type: TABLE DATA; Schema: public; Owner: postgres
--

COPY public.app_question_tags (id, question_id, tag_id) FROM stdin;
219	151	97
220	152	118
221	152	105
222	153	97
223	153	92
224	153	91
225	155	95
226	156	97
227	158	95
228	158	97
229	158	105
230	159	105
231	159	118
232	160	118
233	160	93
234	160	105
235	161	118
236	161	93
237	162	97
238	163	105
241	165	118
242	165	105
243	165	92
244	166	95
245	166	93
246	167	118
247	169	92
248	169	95
249	170	118
251	171	93
252	171	95
253	172	92
254	172	93
255	173	97
256	175	97
257	175	118
258	175	105
259	176	91
261	177	91
262	178	92
263	178	97
264	178	105
265	180	91
267	181	97
268	182	118
269	182	91
270	187	93
271	188	97
272	188	95
273	189	105
274	190	95
276	191	92
277	191	93
278	192	95
279	192	93
280	193	95
281	194	92
283	194	95
284	196	92
285	197	105
286	200	93
287	200	92
\.


--
-- Data for Name: app_questionlike; Type: TABLE DATA; Schema: public; Owner: postgres
--

COPY public.app_questionlike (id, is_like, question_id, user_id) FROM stdin;
601	t	157	101
602	t	182	106
603	f	156	112
604	t	173	100
605	t	194	94
606	f	182	92
607	t	161	116
608	f	193	115
609	t	159	97
610	t	171	103
611	t	193	108
612	f	168	94
613	f	167	107
614	f	180	112
615	t	194	107
616	t	192	110
617	f	161	97
618	t	171	105
619	t	171	104
620	f	168	105
621	t	172	115
622	t	173	116
623	f	173	111
624	f	162	120
625	t	158	119
626	f	184	114
627	t	190	96
628	f	154	102
629	t	153	107
630	f	157	93
631	f	167	96
632	f	181	98
633	f	178	112
634	t	172	105
635	t	154	113
636	f	178	116
637	f	194	111
638	f	189	111
639	f	200	96
640	t	164	100
641	t	178	118
642	f	166	100
643	f	158	108
644	t	163	116
645	f	189	96
646	f	182	105
647	f	194	116
648	t	177	105
649	f	155	120
650	t	156	102
651	f	168	105
652	f	154	96
653	t	196	93
654	t	162	99
655	t	169	92
656	f	194	104
657	t	171	111
658	t	195	109
659	t	152	106
660	f	189	111
661	f	157	114
662	t	168	96
663	t	161	119
664	f	170	117
665	f	163	99
666	f	178	103
667	f	167	98
668	t	163	118
669	t	174	116
670	t	166	118
671	t	183	121
672	f	163	103
673	f	160	114
674	f	162	121
675	t	168	120
676	f	181	104
677	t	189	116
678	f	195	121
679	f	196	106
680	f	172	114
681	f	151	109
682	t	170	102
683	f	197	117
684	f	167	96
685	t	164	107
686	f	173	94
687	t	178	103
688	f	191	98
689	t	187	112
690	f	160	96
691	t	161	112
692	t	166	93
693	t	155	117
694	t	154	98
695	f	182	100
696	f	155	94
697	f	171	102
698	f	151	118
699	f	189	120
700	t	181	104
701	f	151	113
702	t	168	115
703	t	200	94
704	t	189	116
705	f	196	100
706	f	162	95
707	t	154	119
708	f	189	115
709	f	189	110
710	f	183	92
711	f	156	114
712	f	152	117
713	f	184	114
714	f	169	95
715	t	196	118
716	t	188	117
717	t	162	93
718	t	191	110
719	t	190	108
720	t	156	98
721	f	166	110
722	f	195	96
723	t	195	109
724	t	176	94
725	t	196	98
726	t	188	92
727	f	182	109
728	f	185	95
729	t	159	117
730	t	181	96
731	t	183	114
732	t	172	110
733	f	157	113
734	t	177	111
735	t	190	121
736	t	196	99
737	t	151	99
738	t	186	93
739	f	194	108
740	f	193	104
741	t	151	115
742	f	175	94
743	t	160	94
744	f	172	102
745	f	159	117
746	f	155	119
747	t	180	119
748	t	176	117
749	t	186	94
750	f	177	108
751	f	199	94
752	f	175	94
753	f	169	112
754	t	175	98
755	f	151	98
756	t	152	97
757	f	160	106
758	t	171	98
759	f	189	110
760	f	192	102
761	f	155	99
762	t	170	112
763	f	154	107
764	f	183	95
765	f	182	115
766	f	161	102
767	t	181	110
768	f	200	116
769	t	197	108
770	t	166	107
771	t	166	99
772	t	173	120
773	t	167	121
774	t	184	117
775	f	158	103
776	f	190	105
777	f	177	111
778	f	177	98
779	f	197	104
780	f	162	108
781	t	178	103
782	t	159	107
783	f	197	101
784	t	168	106
785	f	196	116
786	t	192	103
787	f	155	115
788	t	187	105
789	t	152	116
790	t	172	107
791	t	153	108
792	f	178	100
793	t	155	117
794	f	164	106
795	t	160	121
796	t	195	104
797	f	151	104
798	f	164	110
799	f	182	106
800	f	151	117
\.


--
-- Data for Name: app_tag; Type: TABLE DATA; Schema: public; Owner: postgres
--

COPY public.app_tag (id, name) FROM stdin;
91	Тэг4
92	Тэг7
93	Тэг3
95	Тэг1
97	Тэг5
105	Тэг2
118	Тэг6
\.


--
-- Data for Name: auth_group; Type: TABLE DATA; Schema: public; Owner: postgres
--

COPY public.auth_group (id, name) FROM stdin;
\.


--
-- Data for Name: auth_group_permissions; Type: TABLE DATA; Schema: public; Owner: postgres
--

COPY public.auth_group_permissions (id, group_id, permission_id) FROM stdin;
\.


--
-- Data for Name: auth_permission; Type: TABLE DATA; Schema: public; Owner: postgres
--

COPY public.auth_permission (id, name, content_type_id, codename) FROM stdin;
1	Can add log entry	1	add_logentry
2	Can change log entry	1	change_logentry
3	Can delete log entry	1	delete_logentry
4	Can view log entry	1	view_logentry
5	Can add permission	2	add_permission
6	Can change permission	2	change_permission
7	Can delete permission	2	delete_permission
8	Can view permission	2	view_permission
9	Can add group	3	add_group
10	Can change group	3	change_group
11	Can delete group	3	delete_group
12	Can view group	3	view_group
13	Can add user	4	add_user
14	Can change user	4	change_user
15	Can delete user	4	delete_user
16	Can view user	4	view_user
17	Can add content type	5	add_contenttype
18	Can change content type	5	change_contenttype
19	Can delete content type	5	delete_contenttype
20	Can view content type	5	view_contenttype
21	Can add session	6	add_session
22	Can change session	6	change_session
23	Can delete session	6	delete_session
24	Can view session	6	view_session
25	Can add answer	7	add_answer
26	Can change answer	7	change_answer
27	Can delete answer	7	delete_answer
28	Can view answer	7	view_answer
29	Can add user	8	add_profile
30	Can change user	8	change_profile
31	Can delete user	8	delete_profile
32	Can view user	8	view_profile
33	Can add question	9	add_question
34	Can change question	9	change_question
35	Can delete question	9	delete_question
36	Can view question	9	view_question
37	Can add tag	10	add_tag
38	Can change tag	10	change_tag
39	Can delete tag	10	delete_tag
40	Can view tag	10	view_tag
41	Can add question like	11	add_questionlike
42	Can change question like	11	change_questionlike
43	Can delete question like	11	delete_questionlike
44	Can view question like	11	view_questionlike
45	Can add answer like	12	add_answerlike
46	Can change answer like	12	change_answerlike
47	Can delete answer like	12	delete_answerlike
48	Can view answer like	12	view_answerlike
\.


--
-- Data for Name: auth_user; Type: TABLE DATA; Schema: public; Owner: postgres
--

COPY public.auth_user (id, password, last_login, is_superuser, username, first_name, last_name, email, is_staff, is_active, date_joined) FROM stdin;
92		\N	f	username0	Нина	Самарёв	0_2@mail.ru	f	t	2023-11-14 03:48:36.981284+03
93		\N	f	samsa1	Нина	Куклина	1_qwerty@mail.ru	f	t	2023-11-14 03:48:37.020285+03
94		\N	f	super2	Маша	Колотовкин	2_5@mail.ru	f	t	2023-11-14 03:48:37.021284+03
95		\N	f	username3	Петя	Сидоров	3_1@mail.ru	f	t	2023-11-14 03:48:37.022284+03
96		\N	f	qwerty4	Вася	Самарёв	4_5@mail.ru	f	t	2023-11-14 03:48:37.023284+03
97		\N	f	alex5	Петя	Хирный	5_petrov@mail.ru	f	t	2023-11-14 03:48:37.024284+03
98		\N	f	alex6	Никита	Хирный	6_1@mail.ru	f	t	2023-11-14 03:48:37.024284+03
99		\N	f	username7	Петя	Колотовкин	7_qwerty@mail.ru	f	t	2023-11-14 03:48:37.025284+03
100		\N	f	history8	Артём	Иванов	8_2@mail.ru	f	t	2023-11-14 03:48:37.026284+03
101		\N	f	username9	Артём	Петров	9_2@mail.ru	f	t	2023-11-14 03:48:37.027284+03
102		\N	f	username10	Нина	Сидоров	10_2@mail.ru	f	t	2023-11-14 03:48:37.028284+03
103		\N	f	qwerty11	Никита	Хирный	11_5@mail.ru	f	t	2023-11-14 03:48:37.028284+03
104		\N	f	alex12	Вася	Колотовкин	12_petrov@mail.ru	f	t	2023-11-14 03:48:37.029284+03
105		\N	f	samsa13	Маша	Колотовкин	13_2@mail.ru	f	t	2023-11-14 03:48:37.030284+03
106		\N	f	alex14	Саша	Сидоров	14_qwerty@mail.ru	f	t	2023-11-14 03:48:37.031287+03
107		\N	f	sidor15	Саша	Иванов	15_2@mail.ru	f	t	2023-11-14 03:48:37.032284+03
108		\N	f	alex16	Саша	Куклина	16_petrov@mail.ru	f	t	2023-11-14 03:48:37.033285+03
109		\N	f	username17	Макс	Колотовкин	17_petrov@mail.ru	f	t	2023-11-14 03:48:37.033285+03
110		\N	f	alex18	Маша	Самарёв	18_1@mail.ru	f	t	2023-11-14 03:48:37.034284+03
111		\N	f	samsa19	Макс	Петров	19_petrov@mail.ru	f	t	2023-11-14 03:48:37.035287+03
112		\N	f	qwerty20	Петя	Попов	20_2@mail.ru	f	t	2023-11-14 03:48:37.036286+03
113		\N	f	qwerty21	Петя	Куклина	21_1@mail.ru	f	t	2023-11-14 03:48:37.037284+03
114		\N	f	biryani22	Маша	Петров	22_qwerty@mail.ru	f	t	2023-11-14 03:48:37.037284+03
115		\N	f	super23	Вася	Сидоров	23_2@mail.ru	f	t	2023-11-14 03:48:37.038285+03
116		\N	f	qwerty24	Никита	Самарёв	24_1@mail.ru	f	t	2023-11-14 03:48:37.039284+03
117		\N	f	sidor25	Вася	Иванов	25_qwerty@mail.ru	f	t	2023-11-14 03:48:37.039284+03
118		\N	f	qwerty26	Вася	Сидоров	26_5@mail.ru	f	t	2023-11-14 03:48:37.040284+03
119		\N	f	super27	Артём	Иванов	27_2@mail.ru	f	t	2023-11-14 03:48:37.041284+03
31	pbkdf2_sha256$600000$VIFHC6L0XRQ0d8zAIuzcSD$Sgv0WZJ8xMFnqQwZ2BdfifVtyAC6wPVYHUnXnm3UEw4=	2023-11-14 02:20:54.325883+03	t	1				t	t	2023-11-14 02:20:33.410685+03
120		\N	f	qwerty28	Петя	Петров	28_petrov@mail.ru	f	t	2023-11-14 03:48:37.042284+03
121		\N	f	qwerty29	Саша	Самарёв	29_qwerty@mail.ru	f	t	2023-11-14 03:48:37.042284+03
\.


--
-- Data for Name: auth_user_groups; Type: TABLE DATA; Schema: public; Owner: postgres
--

COPY public.auth_user_groups (id, user_id, group_id) FROM stdin;
\.


--
-- Data for Name: auth_user_user_permissions; Type: TABLE DATA; Schema: public; Owner: postgres
--

COPY public.auth_user_user_permissions (id, user_id, permission_id) FROM stdin;
\.


--
-- Data for Name: django_admin_log; Type: TABLE DATA; Schema: public; Owner: postgres
--

COPY public.django_admin_log (id, action_time, object_id, object_repr, action_flag, change_message, content_type_id, user_id) FROM stdin;
1	2023-11-14 02:24:39.403592+03	24	Тэг3	3		10	31
2	2023-11-14 02:24:39.405591+03	23	Тэг7	3		10	31
3	2023-11-14 02:24:39.406593+03	8	Тэг4	3		10	31
4	2023-11-14 02:24:39.406593+03	6	Тэг2	3		10	31
5	2023-11-14 02:24:39.407593+03	4	Тэг5	3		10	31
6	2023-11-14 02:24:39.407593+03	2	Тэг1	3		10	31
7	2023-11-14 02:24:39.408594+03	1	Тэг6	3		10	31
8	2023-11-14 02:24:47.890681+03	100	samsa1_1699917514.6390517; updated_at: 2023-11-13 23:18:35.235052+00:00; Ответ3Ответ3Ответ3Ответ3Ответ3Ответ3Ответ3Ответ3Ответ3Ответ3Ответ3Ответ3Ответ3Ответ3	3		7	31
9	2023-11-14 02:24:48.583304+03	99	samsa22_1699917514.655053; updated_at: 2023-11-13 23:18:35.179052+00:00; Ответ6Ответ6Ответ6Ответ6Ответ6	3		7	31
10	2023-11-14 02:24:48.584303+03	98	samsa13_1699917514.6490529; updated_at: 2023-11-13 23:18:35.262052+00:00; Ответ6Ответ6Ответ6Ответ6Ответ6Ответ6Ответ6	3		7	31
11	2023-11-14 02:24:48.584303+03	97	qwerty16_1699917514.6510522; updated_at: 2023-11-13 23:18:35.273052+00:00; Ответ2Ответ2Ответ2Ответ2Ответ2Ответ2Ответ2Ответ2Ответ2	3		7	31
12	2023-11-14 02:24:48.585303+03	96	qwerty2_1699917514.6400516; updated_at: 2023-11-13 23:18:35.218052+00:00; Ответ5Ответ5Ответ5Ответ5Ответ5	3		7	31
13	2023-11-14 02:24:48.586304+03	95	samsa28_1699917514.6600544; updated_at: 2023-11-13 23:18:35.193052+00:00; Ответ1Ответ1Ответ1Ответ1Ответ1Ответ1Ответ1Ответ1	3		7	31
14	2023-11-14 02:24:48.586304+03	94	username12_1699917514.6480513; updated_at: 2023-11-13 23:18:35.109053+00:00; Ответ5Ответ5Ответ5Ответ5Ответ5Ответ5Ответ5Ответ5Ответ5Ответ5Ответ5Ответ5Ответ5Ответ5Ответ5	3		7	31
15	2023-11-14 02:24:48.587303+03	93	qwerty16_1699917514.6510522; updated_at: 2023-11-13 23:18:35.172053+00:00; Ответ3Ответ3Ответ3Ответ3Ответ3Ответ3Ответ3Ответ3Ответ3Ответ3Ответ3	3		7	31
16	2023-11-14 02:24:48.587303+03	92	sidor0_1699917514.6000512; updated_at: 2023-11-13 23:18:35.271052+00:00; Ответ6Ответ6Ответ6Ответ6Ответ6Ответ6Ответ6Ответ6Ответ6Ответ6	3		7	31
17	2023-11-14 02:24:48.588303+03	91	username14_1699917514.6490529; updated_at: 2023-11-13 23:18:35.275052+00:00; Ответ5Ответ5Ответ5Ответ5Ответ5Ответ5Ответ5Ответ5Ответ5Ответ5Ответ5Ответ5Ответ5Ответ5	3		7	31
18	2023-11-14 02:24:48.588303+03	90	super3_1699917514.6410527; updated_at: 2023-11-13 23:18:35.188054+00:00; Ответ3Ответ3Ответ3Ответ3Ответ3	3		7	31
19	2023-11-14 02:24:48.589303+03	89	sidor23_1699917514.6560519; updated_at: 2023-11-13 23:18:35.131053+00:00; Ответ0Ответ0Ответ0	3		7	31
20	2023-11-14 02:24:48.589303+03	88	super5_1699917514.6430542; updated_at: 2023-11-13 23:18:35.217052+00:00; Ответ3Ответ3Ответ3	3		7	31
21	2023-11-14 02:24:48.590302+03	87	username14_1699917514.6490529; updated_at: 2023-11-13 23:18:34.882052+00:00; Ответ2Ответ2Ответ2Ответ2Ответ2Ответ2Ответ2	3		7	31
22	2023-11-14 02:24:48.590302+03	86	qwerty20_1699917514.6540525; updated_at: 2023-11-13 23:18:34.881052+00:00; Ответ1	3		7	31
23	2023-11-14 02:24:48.591302+03	85	history21_1699917514.655053; updated_at: 2023-11-13 23:18:35.254055+00:00; Ответ2Ответ2Ответ2Ответ2Ответ2Ответ2	3		7	31
24	2023-11-14 02:24:48.591302+03	84	samsa1_1699917514.6390517; updated_at: 2023-11-13 23:18:35.295051+00:00; Ответ6Ответ6Ответ6Ответ6Ответ6Ответ6Ответ6Ответ6Ответ6Ответ6Ответ6Ответ6Ответ6Ответ6	3		7	31
25	2023-11-14 02:24:48.592303+03	83	super10_1699917514.6470518; updated_at: 2023-11-13 23:18:35.292052+00:00; Ответ3Ответ3Ответ3Ответ3Ответ3Ответ3Ответ3Ответ3Ответ3Ответ3Ответ3Ответ3Ответ3	3		7	31
26	2023-11-14 02:24:48.593303+03	82	history25_1699917514.658053; updated_at: 2023-11-13 23:18:34.879052+00:00; Ответ1Ответ1Ответ1Ответ1Ответ1Ответ1Ответ1Ответ1Ответ1	3		7	31
27	2023-11-14 02:24:48.593303+03	81	qwerty20_1699917514.6540525; updated_at: 2023-11-13 23:18:35.168051+00:00; Ответ0Ответ0Ответ0Ответ0Ответ0Ответ0Ответ0Ответ0Ответ0Ответ0Ответ0Ответ0Ответ0Ответ0Ответ0	3		7	31
28	2023-11-14 02:24:48.594303+03	80	history19_1699917514.6530519; updated_at: 2023-11-13 23:18:35.265052+00:00; Ответ5Ответ5Ответ5Ответ5	3		7	31
29	2023-11-14 02:24:48.594303+03	79	username7_1699917514.6440525; updated_at: 2023-11-13 23:18:35.165051+00:00; Ответ4Ответ4Ответ4	3		7	31
30	2023-11-14 02:24:48.595302+03	78	history19_1699917514.6530519; updated_at: 2023-11-13 23:18:35.279057+00:00; Ответ5Ответ5Ответ5	3		7	31
31	2023-11-14 02:24:48.595302+03	77	history21_1699917514.655053; updated_at: 2023-11-13 23:18:35.269051+00:00; Ответ3Ответ3Ответ3Ответ3Ответ3Ответ3Ответ3Ответ3Ответ3	3		7	31
32	2023-11-14 02:24:48.596303+03	76	qwerty2_1699917514.6400516; updated_at: 2023-11-13 23:18:35.127052+00:00; Ответ3Ответ3Ответ3Ответ3Ответ3	3		7	31
33	2023-11-14 02:24:48.596303+03	75	samsa13_1699917514.6490529; updated_at: 2023-11-13 23:18:35.139051+00:00; Ответ3Ответ3Ответ3	3		7	31
34	2023-11-14 02:24:48.597303+03	74	super10_1699917514.6470518; updated_at: 2023-11-13 23:18:35.247052+00:00; Ответ5Ответ5Ответ5Ответ5Ответ5Ответ5	3		7	31
35	2023-11-14 02:24:48.597303+03	73	username6_1699917514.6430542; updated_at: 2023-11-13 23:18:34.875052+00:00; Ответ0Ответ0Ответ0	3		7	31
36	2023-11-14 02:24:48.598302+03	72	samsa28_1699917514.6600544; updated_at: 2023-11-13 23:18:35.276052+00:00; Ответ2Ответ2Ответ2Ответ2	3		7	31
37	2023-11-14 02:24:48.598302+03	71	samsa1_1699917514.6390517; updated_at: 2023-11-13 23:18:35.283052+00:00; Ответ1Ответ1Ответ1Ответ1Ответ1Ответ1Ответ1Ответ1Ответ1Ответ1Ответ1Ответ1	3		7	31
38	2023-11-14 02:24:48.599302+03	70	sidor0_1699917514.6000512; updated_at: 2023-11-13 23:18:35.178053+00:00; Ответ0Ответ0Ответ0Ответ0Ответ0Ответ0Ответ0Ответ0Ответ0Ответ0Ответ0Ответ0Ответ0Ответ0	3		7	31
39	2023-11-14 02:24:48.600303+03	69	sidor8_1699917514.6450531; updated_at: 2023-11-13 23:18:35.294051+00:00; Ответ3Ответ3Ответ3Ответ3Ответ3Ответ3Ответ3Ответ3Ответ3	3		7	31
40	2023-11-14 02:24:48.600303+03	68	super3_1699917514.6410527; updated_at: 2023-11-13 23:18:35.291053+00:00; Ответ3Ответ3Ответ3Ответ3Ответ3Ответ3Ответ3Ответ3	3		7	31
111	2023-11-14 02:24:58.082381+03	47	46_1699917514.7300515 Вопрос0; user: super3_1699917514.6410527; updated_at: 2023-11-13 23:18:35.043052+00:00	3		9	31
41	2023-11-14 02:24:48.601303+03	67	history4_1699917514.6420522; updated_at: 2023-11-13 23:18:35.267052+00:00; Ответ4Ответ4Ответ4Ответ4Ответ4Ответ4Ответ4Ответ4Ответ4	3		7	31
42	2023-11-14 02:24:48.602302+03	66	super3_1699917514.6410527; updated_at: 2023-11-13 23:18:34.872052+00:00; Ответ5Ответ5Ответ5Ответ5Ответ5Ответ5Ответ5Ответ5	3		7	31
43	2023-11-14 02:24:48.602302+03	65	biryani9_1699917514.6460516; updated_at: 2023-11-13 23:18:35.138051+00:00; Ответ4Ответ4Ответ4Ответ4	3		7	31
44	2023-11-14 02:24:48.603302+03	64	samsa1_1699917514.6390517; updated_at: 2023-11-13 23:18:35.156052+00:00; Ответ2Ответ2Ответ2Ответ2Ответ2Ответ2Ответ2Ответ2Ответ2Ответ2Ответ2	3		7	31
45	2023-11-14 02:24:48.603302+03	63	sidor27_1699917514.659052; updated_at: 2023-11-13 23:18:35.288052+00:00; Ответ2Ответ2Ответ2	3		7	31
46	2023-11-14 02:24:48.604304+03	62	biryani9_1699917514.6460516; updated_at: 2023-11-13 23:18:35.154052+00:00; Ответ6Ответ6	3		7	31
47	2023-11-14 02:24:48.604304+03	61	samsa28_1699917514.6600544; updated_at: 2023-11-13 23:18:35.281052+00:00; Ответ5Ответ5Ответ5Ответ5Ответ5Ответ5Ответ5Ответ5Ответ5Ответ5Ответ5Ответ5	3		7	31
48	2023-11-14 02:24:48.605302+03	60	sidor27_1699917514.659052; updated_at: 2023-11-13 23:18:35.151052+00:00; Ответ1Ответ1Ответ1Ответ1Ответ1Ответ1Ответ1	3		7	31
49	2023-11-14 02:24:48.606303+03	59	sidor15_1699917514.650052; updated_at: 2023-11-13 23:18:35.282051+00:00; Ответ2Ответ2	3		7	31
50	2023-11-14 02:24:48.606303+03	58	qwerty16_1699917514.6510522; updated_at: 2023-11-13 23:18:35.129053+00:00; Ответ6Ответ6Ответ6Ответ6	3		7	31
51	2023-11-14 02:24:48.607304+03	57	sidor8_1699917514.6450531; updated_at: 2023-11-13 23:18:35.246052+00:00; Ответ2Ответ2Ответ2Ответ2Ответ2Ответ2Ответ2Ответ2Ответ2Ответ2Ответ2Ответ2	3		7	31
52	2023-11-14 02:24:48.607304+03	56	qwerty20_1699917514.6540525; updated_at: 2023-11-13 23:18:35.293051+00:00; Ответ0Ответ0Ответ0Ответ0Ответ0Ответ0Ответ0Ответ0Ответ0Ответ0	3		7	31
53	2023-11-14 02:24:48.608304+03	55	super3_1699917514.6410527; updated_at: 2023-11-13 23:18:35.174053+00:00; Ответ3Ответ3Ответ3Ответ3Ответ3Ответ3Ответ3Ответ3Ответ3Ответ3Ответ3Ответ3Ответ3Ответ3Ответ3	3		7	31
54	2023-11-14 02:24:48.608304+03	54	biryani26_1699917514.658053; updated_at: 2023-11-13 23:18:35.260051+00:00; Ответ2Ответ2Ответ2	3		7	31
55	2023-11-14 02:24:48.609307+03	53	qwerty18_1699917514.6520524; updated_at: 2023-11-13 23:18:35.286055+00:00; Ответ1Ответ1Ответ1Ответ1Ответ1Ответ1Ответ1	3		7	31
56	2023-11-14 02:24:48.609307+03	52	username6_1699917514.6430542; updated_at: 2023-11-13 23:18:35.228052+00:00; Ответ6Ответ6Ответ6Ответ6Ответ6Ответ6Ответ6Ответ6Ответ6	3		7	31
57	2023-11-14 02:24:48.610303+03	51	history21_1699917514.655053; updated_at: 2023-11-13 23:18:35.255052+00:00; Ответ5Ответ5Ответ5Ответ5Ответ5Ответ5Ответ5Ответ5Ответ5	3		7	31
58	2023-11-14 02:24:48.610303+03	50	username7_1699917514.6440525; updated_at: 2023-11-13 23:18:35.223052+00:00; Ответ5Ответ5Ответ5Ответ5Ответ5Ответ5Ответ5	3		7	31
59	2023-11-14 02:24:48.611304+03	49	history19_1699917514.6530519; updated_at: 2023-11-13 23:18:34.865052+00:00; Ответ0Ответ0Ответ0Ответ0Ответ0Ответ0Ответ0Ответ0Ответ0Ответ0Ответ0Ответ0Ответ0Ответ0Ответ0	3		7	31
60	2023-11-14 02:24:48.612304+03	48	sidor27_1699917514.659052; updated_at: 2023-11-13 23:18:35.183052+00:00; Ответ4Ответ4Ответ4Ответ4Ответ4Ответ4Ответ4Ответ4	3		7	31
61	2023-11-14 02:24:48.612304+03	47	username6_1699917514.6430542; updated_at: 2023-11-13 23:18:34.864055+00:00; Ответ2Ответ2Ответ2Ответ2Ответ2Ответ2Ответ2Ответ2Ответ2Ответ2Ответ2Ответ2	3		7	31
62	2023-11-14 02:24:48.613304+03	46	sidor23_1699917514.6560519; updated_at: 2023-11-13 23:18:35.233052+00:00; Ответ2Ответ2Ответ2Ответ2Ответ2Ответ2Ответ2Ответ2Ответ2	3		7	31
63	2023-11-14 02:24:48.613304+03	45	username6_1699917514.6430542; updated_at: 2023-11-13 23:18:35.256052+00:00; Ответ2Ответ2Ответ2Ответ2Ответ2Ответ2Ответ2	3		7	31
64	2023-11-14 02:24:48.614304+03	44	history4_1699917514.6420522; updated_at: 2023-11-13 23:18:35.243051+00:00; Ответ1Ответ1Ответ1Ответ1Ответ1Ответ1Ответ1Ответ1Ответ1	3		7	31
65	2023-11-14 02:24:48.614304+03	43	super11_1699917514.6470518; updated_at: 2023-11-13 23:18:35.264052+00:00; Ответ4Ответ4Ответ4Ответ4Ответ4Ответ4Ответ4Ответ4	3		7	31
66	2023-11-14 02:24:48.615306+03	42	biryani9_1699917514.6460516; updated_at: 2023-11-13 23:18:35.128052+00:00; Ответ5Ответ5Ответ5Ответ5Ответ5Ответ5	3		7	31
67	2023-11-14 02:24:48.615306+03	41	super10_1699917514.6470518; updated_at: 2023-11-13 23:18:35.275052+00:00; Ответ5	3		7	31
68	2023-11-14 02:24:48.616303+03	40	history25_1699917514.658053; updated_at: 2023-11-13 23:18:34.861052+00:00; Ответ6Ответ6Ответ6Ответ6Ответ6Ответ6Ответ6Ответ6Ответ6Ответ6Ответ6Ответ6Ответ6Ответ6Ответ6	3		7	31
69	2023-11-14 02:24:48.617302+03	39	username6_1699917514.6430542; updated_at: 2023-11-13 23:18:35.177053+00:00; Ответ2Ответ2Ответ2Ответ2Ответ2Ответ2Ответ2Ответ2Ответ2Ответ2Ответ2Ответ2Ответ2Ответ2	3		7	31
70	2023-11-14 02:24:48.617302+03	38	history21_1699917514.655053; updated_at: 2023-11-13 23:18:35.250053+00:00; Ответ5Ответ5Ответ5Ответ5Ответ5	3		7	31
71	2023-11-14 02:24:48.618303+03	37	super11_1699917514.6470518; updated_at: 2023-11-13 23:18:35.221052+00:00; Ответ3Ответ3Ответ3Ответ3Ответ3Ответ3Ответ3Ответ3	3		7	31
72	2023-11-14 02:24:48.619302+03	36	sidor15_1699917514.650052; updated_at: 2023-11-13 23:18:35.252052+00:00; Ответ0Ответ0Ответ0Ответ0Ответ0Ответ0Ответ0Ответ0Ответ0Ответ0	3		7	31
73	2023-11-14 02:24:48.619302+03	35	history19_1699917514.6530519; updated_at: 2023-11-13 23:18:35.184052+00:00; Ответ0Ответ0Ответ0Ответ0Ответ0Ответ0Ответ0Ответ0	3		7	31
74	2023-11-14 02:24:48.620302+03	34	samsa1_1699917514.6390517; updated_at: 2023-11-13 23:18:34.858051+00:00; Ответ2Ответ2Ответ2Ответ2Ответ2Ответ2Ответ2Ответ2Ответ2Ответ2Ответ2Ответ2Ответ2Ответ2Ответ2	3		7	31
112	2023-11-14 02:24:58.082381+03	46	45_1699917514.729053 Вопрос6; user: qwerty20_1699917514.6540525; updated_at: 2023-11-13 23:18:35.032052+00:00	3		9	31
75	2023-11-14 02:24:48.620302+03	33	biryani9_1699917514.6460516; updated_at: 2023-11-13 23:18:35.166052+00:00; Ответ3Ответ3Ответ3Ответ3Ответ3Ответ3Ответ3Ответ3Ответ3Ответ3Ответ3Ответ3Ответ3Ответ3	3		7	31
76	2023-11-14 02:24:48.621303+03	32	biryani26_1699917514.658053; updated_at: 2023-11-13 23:18:34.857053+00:00; Ответ6Ответ6Ответ6Ответ6Ответ6Ответ6Ответ6	3		7	31
77	2023-11-14 02:24:48.622302+03	31	username6_1699917514.6430542; updated_at: 2023-11-13 23:18:35.280053+00:00; Ответ6Ответ6Ответ6Ответ6Ответ6Ответ6Ответ6Ответ6Ответ6Ответ6	3		7	31
78	2023-11-14 02:24:48.622302+03	30	super11_1699917514.6470518; updated_at: 2023-11-13 23:18:34.856052+00:00; Ответ0Ответ0Ответ0Ответ0Ответ0Ответ0Ответ0Ответ0Ответ0Ответ0Ответ0	3		7	31
79	2023-11-14 02:24:48.623304+03	29	super5_1699917514.6430542; updated_at: 2023-11-13 23:18:35.249052+00:00; Ответ2Ответ2Ответ2Ответ2Ответ2Ответ2	3		7	31
80	2023-11-14 02:24:48.623304+03	28	samsa28_1699917514.6600544; updated_at: 2023-11-13 23:18:35.251051+00:00; Ответ0Ответ0Ответ0	3		7	31
81	2023-11-14 02:24:48.624303+03	27	history24_1699917514.6570528; updated_at: 2023-11-13 23:18:35.284051+00:00; Ответ6Ответ6	3		7	31
82	2023-11-14 02:24:48.624303+03	26	super3_1699917514.6410527; updated_at: 2023-11-13 23:18:35.143052+00:00; Ответ4	3		7	31
83	2023-11-14 02:24:48.625302+03	25	history21_1699917514.655053; updated_at: 2023-11-13 23:18:35.243051+00:00; Ответ6Ответ6	3		7	31
84	2023-11-14 02:24:48.625302+03	24	history21_1699917514.655053; updated_at: 2023-11-13 23:18:35.290052+00:00; Ответ6Ответ6Ответ6Ответ6Ответ6Ответ6Ответ6Ответ6Ответ6Ответ6Ответ6Ответ6Ответ6	3		7	31
85	2023-11-14 02:24:48.627302+03	23	sidor8_1699917514.6450531; updated_at: 2023-11-13 23:18:35.259052+00:00; Ответ5Ответ5Ответ5Ответ5Ответ5	3		7	31
86	2023-11-14 02:24:48.627302+03	22	sidor8_1699917514.6450531; updated_at: 2023-11-13 23:18:35.176052+00:00; Ответ0Ответ0Ответ0Ответ0Ответ0	3		7	31
87	2023-11-14 02:24:48.628302+03	21	super11_1699917514.6470518; updated_at: 2023-11-13 23:18:35.285053+00:00; Ответ1Ответ1Ответ1Ответ1Ответ1Ответ1	3		7	31
88	2023-11-14 02:24:48.628302+03	20	sidor0_1699917514.6000512; updated_at: 2023-11-13 23:18:35.289051+00:00; Ответ5Ответ5Ответ5Ответ5Ответ5Ответ5Ответ5	3		7	31
89	2023-11-14 02:24:48.629302+03	19	biryani26_1699917514.658053; updated_at: 2023-11-13 23:18:35.135052+00:00; Ответ4Ответ4Ответ4Ответ4Ответ4Ответ4Ответ4Ответ4Ответ4Ответ4Ответ4Ответ4Ответ4	3		7	31
90	2023-11-14 02:24:48.629302+03	18	samsa22_1699917514.655053; updated_at: 2023-11-13 23:18:35.268052+00:00; Ответ3Ответ3Ответ3	3		7	31
91	2023-11-14 02:24:48.630302+03	17	qwerty2_1699917514.6400516; updated_at: 2023-11-13 23:18:35.201053+00:00; Ответ0Ответ0Ответ0Ответ0Ответ0Ответ0Ответ0Ответ0	3		7	31
92	2023-11-14 02:24:48.630302+03	16	samsa13_1699917514.6490529; updated_at: 2023-11-13 23:18:35.228052+00:00; Ответ1Ответ1Ответ1Ответ1Ответ1Ответ1Ответ1Ответ1Ответ1	3		7	31
93	2023-11-14 02:24:48.631303+03	15	sidor23_1699917514.6560519; updated_at: 2023-11-13 23:18:35.257052+00:00; Ответ2Ответ2Ответ2Ответ2Ответ2Ответ2Ответ2Ответ2Ответ2Ответ2Ответ2Ответ2Ответ2Ответ2	3		7	31
94	2023-11-14 02:24:48.632302+03	14	sidor8_1699917514.6450531; updated_at: 2023-11-13 23:18:35.160052+00:00; Ответ3Ответ3Ответ3Ответ3Ответ3Ответ3	3		7	31
95	2023-11-14 02:24:48.632302+03	13	history4_1699917514.6420522; updated_at: 2023-11-13 23:18:35.207051+00:00; Ответ3Ответ3Ответ3Ответ3Ответ3Ответ3Ответ3Ответ3Ответ3Ответ3Ответ3Ответ3Ответ3Ответ3	3		7	31
96	2023-11-14 02:24:48.633303+03	12	username6_1699917514.6430542; updated_at: 2023-11-13 23:18:35.266052+00:00; Ответ1Ответ1Ответ1Ответ1Ответ1Ответ1Ответ1Ответ1Ответ1Ответ1Ответ1	3		7	31
97	2023-11-14 02:24:48.633303+03	11	sidor15_1699917514.650052; updated_at: 2023-11-13 23:18:35.278054+00:00; Ответ1Ответ1Ответ1Ответ1Ответ1	3		7	31
98	2023-11-14 02:24:48.634303+03	10	history17_1699917514.6520524; updated_at: 2023-11-13 23:18:34.741051+00:00; Ответ2Ответ2Ответ2Ответ2Ответ2Ответ2Ответ2Ответ2Ответ2	3		7	31
99	2023-11-14 02:24:48.634303+03	9	sidor8_1699917514.6450531; updated_at: 2023-11-13 23:18:35.272052+00:00; Ответ5Ответ5Ответ5Ответ5Ответ5	3		7	31
100	2023-11-14 02:24:48.635301+03	8	sidor0_1699917514.6000512; updated_at: 2023-11-13 23:18:35.198052+00:00; Ответ6Ответ6Ответ6Ответ6Ответ6Ответ6Ответ6Ответ6Ответ6Ответ6Ответ6Ответ6Ответ6Ответ6	3		7	31
101	2023-11-14 02:24:48.635301+03	7	history17_1699917514.6520524; updated_at: 2023-11-13 23:18:35.261052+00:00; Ответ5Ответ5Ответ5Ответ5Ответ5Ответ5Ответ5	3		7	31
102	2023-11-14 02:24:48.636303+03	6	history21_1699917514.655053; updated_at: 2023-11-13 23:18:35.222052+00:00; Ответ4Ответ4Ответ4Ответ4Ответ4	3		7	31
103	2023-11-14 02:24:48.636303+03	5	sidor15_1699917514.650052; updated_at: 2023-11-13 23:18:35.263051+00:00; Ответ4Ответ4Ответ4Ответ4Ответ4Ответ4Ответ4Ответ4Ответ4Ответ4Ответ4Ответ4Ответ4Ответ4Ответ4	3		7	31
104	2023-11-14 02:24:48.637303+03	4	history24_1699917514.6570528; updated_at: 2023-11-13 23:18:35.287051+00:00; Ответ6Ответ6Ответ6Ответ6Ответ6Ответ6Ответ6Ответ6Ответ6Ответ6Ответ6Ответ6Ответ6	3		7	31
105	2023-11-14 02:24:48.637303+03	3	samsa28_1699917514.6600544; updated_at: 2023-11-13 23:18:34.738052+00:00; Ответ1Ответ1Ответ1Ответ1	3		7	31
106	2023-11-14 02:24:48.638303+03	2	biryani9_1699917514.6460516; updated_at: 2023-11-13 23:18:35.215051+00:00; Ответ6Ответ6Ответ6Ответ6Ответ6Ответ6Ответ6Ответ6	3		7	31
107	2023-11-14 02:24:48.638303+03	1	samsa22_1699917514.655053; updated_at: 2023-11-13 23:18:34.736052+00:00; Ответ4Ответ4Ответ4Ответ4Ответ4Ответ4	3		7	31
108	2023-11-14 02:24:58.07838+03	50	49_1699917514.7340527 Вопрос0; user: history4_1699917514.6420522; updated_at: 2023-11-13 23:18:35.092053+00:00	3		9	31
109	2023-11-14 02:24:58.081381+03	49	48_1699917514.7320526 Вопрос1; user: qwerty2_1699917514.6400516; updated_at: 2023-11-13 23:18:34.982053+00:00	3		9	31
110	2023-11-14 02:24:58.081381+03	48	47_1699917514.7320526 Вопрос6; user: biryani26_1699917514.658053; updated_at: 2023-11-13 23:18:34.920051+00:00	3		9	31
159	2023-11-14 02:25:04.677884+03	29	samsa28_1699917514.6600544	3		8	31
113	2023-11-14 02:24:58.083381+03	45	44_1699917514.728052 Вопрос4; user: sidor27_1699917514.659052; updated_at: 2023-11-13 23:18:34.919052+00:00	3		9	31
114	2023-11-14 02:24:58.08438+03	44	43_1699917514.7260525 Вопрос0; user: samsa13_1699917514.6490529; updated_at: 2023-11-13 23:18:35.087052+00:00	3		9	31
115	2023-11-14 02:24:58.08438+03	43	42_1699917514.7250519 Вопрос3; user: username6_1699917514.6430542; updated_at: 2023-11-13 23:18:35.059053+00:00	3		9	31
116	2023-11-14 02:24:58.085383+03	42	41_1699917514.7240517 Вопрос3; user: samsa13_1699917514.6490529; updated_at: 2023-11-13 23:18:35.050052+00:00	3		9	31
117	2023-11-14 02:24:58.085383+03	41	40_1699917514.7220526 Вопрос1; user: username6_1699917514.6430542; updated_at: 2023-11-13 23:18:34.989052+00:00	3		9	31
118	2023-11-14 02:24:58.086382+03	40	39_1699917514.721052 Вопрос6; user: history24_1699917514.6570528; updated_at: 2023-11-13 23:18:35.057051+00:00	3		9	31
119	2023-11-14 02:24:58.086382+03	39	38_1699917514.7200556 Вопрос6; user: qwerty18_1699917514.6520524; updated_at: 2023-11-13 23:18:34.993053+00:00	3		9	31
120	2023-11-14 02:24:58.087381+03	38	37_1699917514.7190523 Вопрос5; user: super11_1699917514.6470518; updated_at: 2023-11-13 23:18:34.942052+00:00	3		9	31
121	2023-11-14 02:24:58.087381+03	37	36_1699917514.7170515 Вопрос0; user: sidor8_1699917514.6450531; updated_at: 2023-11-13 23:18:35.086051+00:00	3		9	31
122	2023-11-14 02:24:58.088381+03	36	35_1699917514.7160518 Вопрос1; user: qwerty16_1699917514.6510522; updated_at: 2023-11-13 23:18:35.081056+00:00	3		9	31
123	2023-11-14 02:24:58.088381+03	35	34_1699917514.7140517 Вопрос1; user: samsa28_1699917514.6600544; updated_at: 2023-11-13 23:18:35.094052+00:00	3		9	31
124	2023-11-14 02:24:58.089381+03	34	33_1699917514.7120519 Вопрос0; user: sidor27_1699917514.659052; updated_at: 2023-11-13 23:18:35.079052+00:00	3		9	31
125	2023-11-14 02:24:58.089381+03	33	32_1699917514.711052 Вопрос3; user: history19_1699917514.6530519; updated_at: 2023-11-13 23:18:35.072052+00:00	3		9	31
126	2023-11-14 02:24:58.090381+03	32	31_1699917514.7100513 Вопрос0; user: alex29_1699917514.6610513; updated_at: 2023-11-13 23:18:35.091051+00:00	3		9	31
127	2023-11-14 02:24:58.090381+03	31	30_1699917514.7080536 Вопрос4; user: history24_1699917514.6570528; updated_at: 2023-11-13 23:18:35.077051+00:00	3		9	31
128	2023-11-14 02:24:58.091381+03	30	29_1699917514.7070522 Вопрос5; user: samsa22_1699917514.655053; updated_at: 2023-11-13 23:18:35.083053+00:00	3		9	31
129	2023-11-14 02:24:58.091381+03	29	28_1699917514.7070522 Вопрос3; user: samsa22_1699917514.655053; updated_at: 2023-11-13 23:18:34.960053+00:00	3		9	31
130	2023-11-14 02:24:58.09238+03	28	27_1699917514.7050526 Вопрос3; user: super10_1699917514.6470518; updated_at: 2023-11-13 23:18:35.076052+00:00	3		9	31
131	2023-11-14 02:24:58.09238+03	27	26_1699917514.7050526 Вопрос2; user: qwerty20_1699917514.6540525; updated_at: 2023-11-13 23:18:34.971052+00:00	3		9	31
132	2023-11-14 02:24:58.093381+03	26	25_1699917514.7030518 Вопрос0; user: samsa28_1699917514.6600544; updated_at: 2023-11-13 23:18:35.080051+00:00	3		9	31
133	2023-11-14 02:24:58.093381+03	25	24_1699917514.7030518 Вопрос0; user: sidor23_1699917514.6560519; updated_at: 2023-11-13 23:18:35.082053+00:00	3		9	31
134	2023-11-14 02:24:58.094383+03	24	23_1699917514.7010512 Вопрос6; user: sidor0_1699917514.6000512; updated_at: 2023-11-13 23:18:35.001052+00:00	3		9	31
135	2023-11-14 02:24:58.094383+03	23	22_1699917514.6990516 Вопрос5; user: biryani9_1699917514.6460516; updated_at: 2023-11-13 23:18:35.095055+00:00	3		9	31
136	2023-11-14 02:24:58.095382+03	22	21_1699917514.6990516 Вопрос5; user: qwerty18_1699917514.6520524; updated_at: 2023-11-13 23:18:35.070051+00:00	3		9	31
137	2023-11-14 02:24:58.095382+03	21	20_1699917514.6980522 Вопрос6; user: qwerty18_1699917514.6520524; updated_at: 2023-11-13 23:18:35.046052+00:00	3		9	31
138	2023-11-14 02:24:58.096381+03	20	19_1699917514.6970527 Вопрос5; user: username14_1699917514.6490529; updated_at: 2023-11-13 23:18:35.088052+00:00	3		9	31
139	2023-11-14 02:24:58.096381+03	19	18_1699917514.696052 Вопрос6; user: sidor23_1699917514.6560519; updated_at: 2023-11-13 23:18:35.055051+00:00	3		9	31
140	2023-11-14 02:24:58.09738+03	18	17_1699917514.695054 Вопрос2; user: history19_1699917514.6530519; updated_at: 2023-11-13 23:18:35.093053+00:00	3		9	31
141	2023-11-14 02:24:58.09738+03	17	16_1699917514.6930516 Вопрос3; user: username7_1699917514.6440525; updated_at: 2023-11-13 23:18:35.062053+00:00	3		9	31
142	2023-11-14 02:24:58.09838+03	16	15_1699917514.6910524 Вопрос4; user: history19_1699917514.6530519; updated_at: 2023-11-13 23:18:35.096051+00:00	3		9	31
143	2023-11-14 02:24:58.09838+03	15	14_1699917514.6900518 Вопрос3; user: qwerty2_1699917514.6400516; updated_at: 2023-11-13 23:18:35.068051+00:00	3		9	31
144	2023-11-14 02:24:58.099381+03	14	13_1699917514.6890519 Вопрос4; user: super5_1699917514.6430542; updated_at: 2023-11-13 23:18:35.037052+00:00	3		9	31
145	2023-11-14 02:24:58.099381+03	13	12_1699917514.6880531 Вопрос3; user: samsa13_1699917514.6490529; updated_at: 2023-11-13 23:18:35.041052+00:00	3		9	31
146	2023-11-14 02:24:58.10038+03	12	11_1699917514.6870518 Вопрос2; user: history17_1699917514.6520524; updated_at: 2023-11-13 23:18:35.030052+00:00	3		9	31
147	2023-11-14 02:24:58.10038+03	11	10_1699917514.686052 Вопрос2; user: history24_1699917514.6570528; updated_at: 2023-11-13 23:18:35.058051+00:00	3		9	31
148	2023-11-14 02:24:58.101381+03	10	9_1699917514.685053 Вопрос1; user: samsa22_1699917514.655053; updated_at: 2023-11-13 23:18:35.025053+00:00	3		9	31
149	2023-11-14 02:24:58.101381+03	9	8_1699917514.6840518 Вопрос0; user: super11_1699917514.6470518; updated_at: 2023-11-13 23:18:35.034053+00:00	3		9	31
150	2023-11-14 02:24:58.10238+03	8	7_1699917514.6830525 Вопрос1; user: sidor0_1699917514.6000512; updated_at: 2023-11-13 23:18:35.078051+00:00	3		9	31
151	2023-11-14 02:24:58.10238+03	7	6_1699917514.682052 Вопрос6; user: super3_1699917514.6410527; updated_at: 2023-11-13 23:18:35.066051+00:00	3		9	31
152	2023-11-14 02:24:58.103381+03	6	5_1699917514.682052 Вопрос5; user: history4_1699917514.6420522; updated_at: 2023-11-13 23:18:35.002051+00:00	3		9	31
153	2023-11-14 02:24:58.103381+03	5	4_1699917514.6810515 Вопрос4; user: super10_1699917514.6470518; updated_at: 2023-11-13 23:18:35.100053+00:00	3		9	31
154	2023-11-14 02:24:58.103381+03	4	3_1699917514.6800516 Вопрос4; user: sidor8_1699917514.6450531; updated_at: 2023-11-13 23:18:35.073052+00:00	3		9	31
155	2023-11-14 02:24:58.104381+03	3	2_1699917514.6790519 Вопрос0; user: history21_1699917514.655053; updated_at: 2023-11-13 23:18:35.099054+00:00	3		9	31
156	2023-11-14 02:24:58.104381+03	2	1_1699917514.6770527 Вопрос2; user: qwerty20_1699917514.6540525; updated_at: 2023-11-13 23:18:35.061051+00:00	3		9	31
157	2023-11-14 02:24:58.10538+03	1	0_1699917514.6720512 Вопрос4; user: history17_1699917514.6520524; updated_at: 2023-11-13 23:18:35.064051+00:00	3		9	31
158	2023-11-14 02:25:04.674885+03	30	alex29_1699917514.6610513	3		8	31
160	2023-11-14 02:25:04.678885+03	28	sidor27_1699917514.659052	3		8	31
161	2023-11-14 02:25:04.679884+03	27	biryani26_1699917514.658053	3		8	31
162	2023-11-14 02:25:04.679884+03	26	history25_1699917514.658053	3		8	31
163	2023-11-14 02:25:04.680885+03	25	history24_1699917514.6570528	3		8	31
164	2023-11-14 02:25:04.680885+03	24	sidor23_1699917514.6560519	3		8	31
165	2023-11-14 02:25:04.681884+03	23	samsa22_1699917514.655053	3		8	31
166	2023-11-14 02:25:04.681884+03	22	history21_1699917514.655053	3		8	31
167	2023-11-14 02:25:04.682886+03	21	qwerty20_1699917514.6540525	3		8	31
168	2023-11-14 02:25:04.682886+03	20	history19_1699917514.6530519	3		8	31
169	2023-11-14 02:25:04.683886+03	19	qwerty18_1699917514.6520524	3		8	31
170	2023-11-14 02:25:04.683886+03	18	history17_1699917514.6520524	3		8	31
171	2023-11-14 02:25:04.684886+03	17	qwerty16_1699917514.6510522	3		8	31
172	2023-11-14 02:25:04.684886+03	16	sidor15_1699917514.650052	3		8	31
173	2023-11-14 02:25:04.685884+03	15	username14_1699917514.6490529	3		8	31
174	2023-11-14 02:25:04.685884+03	14	samsa13_1699917514.6490529	3		8	31
175	2023-11-14 02:25:04.685884+03	13	username12_1699917514.6480513	3		8	31
176	2023-11-14 02:25:04.686884+03	12	super11_1699917514.6470518	3		8	31
177	2023-11-14 02:25:04.686884+03	11	super10_1699917514.6470518	3		8	31
178	2023-11-14 02:25:04.687886+03	10	biryani9_1699917514.6460516	3		8	31
179	2023-11-14 02:25:04.687886+03	9	sidor8_1699917514.6450531	3		8	31
180	2023-11-14 02:25:04.688885+03	8	username7_1699917514.6440525	3		8	31
181	2023-11-14 02:25:04.688885+03	7	username6_1699917514.6430542	3		8	31
182	2023-11-14 02:25:04.689884+03	6	super5_1699917514.6430542	3		8	31
183	2023-11-14 02:25:04.689884+03	5	history4_1699917514.6420522	3		8	31
184	2023-11-14 02:25:04.690885+03	4	super3_1699917514.6410527	3		8	31
185	2023-11-14 02:25:04.690885+03	3	qwerty2_1699917514.6400516	3		8	31
186	2023-11-14 02:25:04.691884+03	2	samsa1_1699917514.6390517	3		8	31
187	2023-11-14 02:25:04.691884+03	1	sidor0_1699917514.6000512	3		8	31
188	2023-11-14 02:26:09.154077+03	200	samsa11; updated_at: 2023-11-13 23:25:15.514502+00:00; Ответ5	3		7	31
189	2023-11-14 02:26:09.156076+03	199	biryani2; updated_at: 2023-11-13 23:25:15.901502+00:00; Ответ0	3		7	31
190	2023-11-14 02:26:09.156076+03	198	super26; updated_at: 2023-11-13 23:25:15.745502+00:00; Ответ3	3		7	31
191	2023-11-14 02:26:09.157075+03	197	sidor19; updated_at: 2023-11-13 23:25:15.757506+00:00; Ответ5	3		7	31
192	2023-11-14 02:26:09.158075+03	196	samsa16; updated_at: 2023-11-13 23:25:15.512503+00:00; Ответ6	3		7	31
193	2023-11-14 02:26:09.158075+03	195	qwerty8; updated_at: 2023-11-13 23:25:15.878505+00:00; Ответ0	3		7	31
194	2023-11-14 02:26:09.159074+03	194	alex22; updated_at: 2023-11-13 23:25:15.900501+00:00; Ответ3	3		7	31
195	2023-11-14 02:26:09.159074+03	193	qwerty6; updated_at: 2023-11-13 23:25:15.868503+00:00; Ответ3	3		7	31
196	2023-11-14 02:26:09.160075+03	192	super4; updated_at: 2023-11-13 23:25:15.892501+00:00; Ответ3	3		7	31
197	2023-11-14 02:26:09.160075+03	191	qwerty28; updated_at: 2023-11-13 23:25:15.890502+00:00; Ответ6	3		7	31
198	2023-11-14 02:26:09.161075+03	190	username27; updated_at: 2023-11-13 23:25:15.893503+00:00; Ответ1	3		7	31
199	2023-11-14 02:26:09.161075+03	189	alex21; updated_at: 2023-11-13 23:25:15.825502+00:00; Ответ0	3		7	31
200	2023-11-14 02:26:09.161075+03	188	history0; updated_at: 2023-11-13 23:25:15.758502+00:00; Ответ6	3		7	31
201	2023-11-14 02:26:09.162075+03	187	history0; updated_at: 2023-11-13 23:25:15.741501+00:00; Ответ3	3		7	31
202	2023-11-14 02:26:09.162075+03	186	history0; updated_at: 2023-11-13 23:25:15.812503+00:00; Ответ6	3		7	31
203	2023-11-14 02:26:09.163076+03	185	history0; updated_at: 2023-11-13 23:25:15.837502+00:00; Ответ1	3		7	31
204	2023-11-14 02:26:09.163076+03	184	history5; updated_at: 2023-11-13 23:25:15.884503+00:00; Ответ2	3		7	31
205	2023-11-14 02:26:09.164075+03	183	super1; updated_at: 2023-11-13 23:25:15.883502+00:00; Ответ1	3		7	31
206	2023-11-14 02:26:09.165075+03	182	qwerty28; updated_at: 2023-11-13 23:25:15.899502+00:00; Ответ3	3		7	31
207	2023-11-14 02:26:09.165075+03	181	qwerty6; updated_at: 2023-11-13 23:25:15.896502+00:00; Ответ1	3		7	31
208	2023-11-14 02:26:09.166076+03	180	alex25; updated_at: 2023-11-13 23:25:15.840501+00:00; Ответ6	3		7	31
209	2023-11-14 02:26:09.166076+03	179	qwerty29; updated_at: 2023-11-13 23:25:15.889502+00:00; Ответ0	3		7	31
210	2023-11-14 02:26:09.167076+03	178	history5; updated_at: 2023-11-13 23:25:15.904502+00:00; Ответ4	3		7	31
211	2023-11-14 02:26:09.167076+03	177	super7; updated_at: 2023-11-13 23:25:15.774503+00:00; Ответ1	3		7	31
212	2023-11-14 02:26:09.168075+03	176	username27; updated_at: 2023-11-13 23:25:15.855504+00:00; Ответ6	3		7	31
213	2023-11-14 02:26:09.168075+03	175	qwerty6; updated_at: 2023-11-13 23:25:15.810503+00:00; Ответ6	3		7	31
214	2023-11-14 02:26:09.169076+03	174	alex18; updated_at: 2023-11-13 23:25:15.877502+00:00; Ответ1	3		7	31
215	2023-11-14 02:26:09.169076+03	173	biryani23; updated_at: 2023-11-13 23:25:15.501502+00:00; Ответ5	3		7	31
216	2023-11-14 02:26:09.170076+03	172	biryani23; updated_at: 2023-11-13 23:25:15.826502+00:00; Ответ3	3		7	31
217	2023-11-14 02:26:09.170076+03	171	super4; updated_at: 2023-11-13 23:25:15.808503+00:00; Ответ3	3		7	31
218	2023-11-14 02:26:09.171077+03	170	qwerty29; updated_at: 2023-11-13 23:25:15.820503+00:00; Ответ5	3		7	31
219	2023-11-14 02:26:09.171077+03	169	history3; updated_at: 2023-11-13 23:25:15.842502+00:00; Ответ5	3		7	31
220	2023-11-14 02:26:09.172077+03	168	samsa11; updated_at: 2023-11-13 23:25:15.806502+00:00; Ответ5	3		7	31
221	2023-11-14 02:26:09.172077+03	167	super1; updated_at: 2023-11-13 23:25:15.888502+00:00; Ответ0	3		7	31
222	2023-11-14 02:26:09.173076+03	166	qwerty28; updated_at: 2023-11-13 23:25:15.894502+00:00; Ответ2	3		7	31
223	2023-11-14 02:26:09.173076+03	165	alex18; updated_at: 2023-11-13 23:25:15.848502+00:00; Ответ6	3		7	31
224	2023-11-14 02:26:09.173076+03	164	qwerty29; updated_at: 2023-11-13 23:25:15.888502+00:00; Ответ3	3		7	31
225	2023-11-14 02:26:09.174076+03	163	biryani23; updated_at: 2023-11-13 23:25:15.496506+00:00; Ответ5	3		7	31
226	2023-11-14 02:26:09.175076+03	162	username9; updated_at: 2023-11-13 23:25:15.898502+00:00; Ответ2	3		7	31
227	2023-11-14 02:26:09.176076+03	161	qwerty13; updated_at: 2023-11-13 23:25:15.876502+00:00; Ответ6	3		7	31
228	2023-11-14 02:26:09.176076+03	160	alex18; updated_at: 2023-11-13 23:25:15.726502+00:00; Ответ4	3		7	31
229	2023-11-14 02:26:09.177077+03	159	history5; updated_at: 2023-11-13 23:25:15.846501+00:00; Ответ6	3		7	31
555	2023-11-14 03:48:32.810657+03	70	alex8	3		8	31
230	2023-11-14 02:26:09.177077+03	158	super1; updated_at: 2023-11-13 23:25:15.905503+00:00; Ответ3	3		7	31
231	2023-11-14 02:26:09.178075+03	157	super26; updated_at: 2023-11-13 23:25:15.895502+00:00; Ответ4	3		7	31
232	2023-11-14 02:26:09.178075+03	156	history24; updated_at: 2023-11-13 23:25:15.849502+00:00; Ответ0	3		7	31
233	2023-11-14 02:26:09.179075+03	155	history0; updated_at: 2023-11-13 23:25:15.873502+00:00; Ответ2	3		7	31
234	2023-11-14 02:26:09.179075+03	154	super1; updated_at: 2023-11-13 23:25:15.871504+00:00; Ответ6	3		7	31
235	2023-11-14 02:26:09.180075+03	153	qwerty13; updated_at: 2023-11-13 23:25:15.492503+00:00; Ответ0	3		7	31
236	2023-11-14 02:26:09.180075+03	152	qwerty13; updated_at: 2023-11-13 23:25:15.887502+00:00; Ответ6	3		7	31
237	2023-11-14 02:26:09.181076+03	151	super4; updated_at: 2023-11-13 23:25:15.832501+00:00; Ответ1	3		7	31
238	2023-11-14 02:26:09.181076+03	150	history5; updated_at: 2023-11-13 23:25:15.858502+00:00; Ответ5	3		7	31
239	2023-11-14 02:26:09.182075+03	149	biryani23; updated_at: 2023-11-13 23:25:15.490503+00:00; Ответ0	3		7	31
240	2023-11-14 02:26:09.182075+03	148	alex18; updated_at: 2023-11-13 23:25:15.737503+00:00; Ответ3	3		7	31
241	2023-11-14 02:26:09.183075+03	147	alex22; updated_at: 2023-11-13 23:25:15.828503+00:00; Ответ6	3		7	31
242	2023-11-14 02:26:09.183075+03	146	super4; updated_at: 2023-11-13 23:25:15.885506+00:00; Ответ4	3		7	31
243	2023-11-14 02:26:09.184076+03	145	alex25; updated_at: 2023-11-13 23:25:15.816502+00:00; Ответ4	3		7	31
244	2023-11-14 02:26:09.185075+03	144	history5; updated_at: 2023-11-13 23:25:15.869502+00:00; Ответ4	3		7	31
245	2023-11-14 02:26:09.185075+03	143	alex22; updated_at: 2023-11-13 23:25:15.902502+00:00; Ответ3	3		7	31
246	2023-11-14 02:26:09.186076+03	142	alex25; updated_at: 2023-11-13 23:25:15.785503+00:00; Ответ6	3		7	31
247	2023-11-14 02:26:09.186076+03	141	qwerty8; updated_at: 2023-11-13 23:25:15.886506+00:00; Ответ0	3		7	31
248	2023-11-14 02:26:09.187075+03	140	qwerty6; updated_at: 2023-11-13 23:25:15.891502+00:00; Ответ5	3		7	31
249	2023-11-14 02:26:09.187075+03	139	qwerty29; updated_at: 2023-11-13 23:25:15.811505+00:00; Ответ2	3		7	31
250	2023-11-14 02:26:09.187075+03	138	qwerty8; updated_at: 2023-11-13 23:25:15.759502+00:00; Ответ3	3		7	31
251	2023-11-14 02:26:09.188075+03	137	sidor19; updated_at: 2023-11-13 23:25:15.739503+00:00; Ответ4	3		7	31
252	2023-11-14 02:26:09.188075+03	136	super20; updated_at: 2023-11-13 23:25:15.870502+00:00; Ответ5	3		7	31
253	2023-11-14 02:26:09.189075+03	135	qwerty28; updated_at: 2023-11-13 23:25:15.880502+00:00; Ответ3	3		7	31
254	2023-11-14 02:26:09.189075+03	134	super1; updated_at: 2023-11-13 23:25:15.835502+00:00; Ответ4	3		7	31
255	2023-11-14 02:26:09.190076+03	133	sidor19; updated_at: 2023-11-13 23:25:15.482502+00:00; Ответ4	3		7	31
256	2023-11-14 02:26:09.190076+03	132	qwerty13; updated_at: 2023-11-13 23:25:15.860503+00:00; Ответ5	3		7	31
257	2023-11-14 02:26:09.191075+03	131	qwerty6; updated_at: 2023-11-13 23:25:15.481503+00:00; Ответ4	3		7	31
258	2023-11-14 02:26:09.192074+03	130	super20; updated_at: 2023-11-13 23:25:15.480502+00:00; Ответ2	3		7	31
259	2023-11-14 02:26:09.192074+03	129	alex18; updated_at: 2023-11-13 23:25:15.862502+00:00; Ответ0	3		7	31
260	2023-11-14 02:26:09.193074+03	128	samsa16; updated_at: 2023-11-13 23:25:15.865502+00:00; Ответ3	3		7	31
261	2023-11-14 02:26:09.193074+03	127	alex22; updated_at: 2023-11-13 23:25:15.805507+00:00; Ответ4	3		7	31
262	2023-11-14 02:26:09.194076+03	126	qwerty28; updated_at: 2023-11-13 23:25:15.786502+00:00; Ответ5	3		7	31
263	2023-11-14 02:26:09.194076+03	125	username27; updated_at: 2023-11-13 23:25:15.834502+00:00; Ответ2	3		7	31
264	2023-11-14 02:26:09.195075+03	124	samsa11; updated_at: 2023-11-13 23:25:15.861501+00:00; Ответ3	3		7	31
265	2023-11-14 02:26:09.195075+03	123	alex15; updated_at: 2023-11-13 23:25:15.807503+00:00; Ответ5	3		7	31
266	2023-11-14 02:26:09.196075+03	122	super4; updated_at: 2023-11-13 23:25:15.802502+00:00; Ответ1	3		7	31
267	2023-11-14 02:26:09.196075+03	121	alex21; updated_at: 2023-11-13 23:25:15.477502+00:00; Ответ3	3		7	31
268	2023-11-14 02:26:09.197075+03	120	history0; updated_at: 2023-11-13 23:25:15.476502+00:00; Ответ4	3		7	31
269	2023-11-14 02:26:09.197075+03	119	super4; updated_at: 2023-11-13 23:25:15.822501+00:00; Ответ4	3		7	31
270	2023-11-14 02:26:09.198075+03	118	alex21; updated_at: 2023-11-13 23:25:15.818503+00:00; Ответ0	3		7	31
271	2023-11-14 02:26:09.198075+03	117	alex10; updated_at: 2023-11-13 23:25:15.813502+00:00; Ответ4	3		7	31
272	2023-11-14 02:26:09.199075+03	116	qwerty28; updated_at: 2023-11-13 23:25:15.853503+00:00; Ответ1	3		7	31
273	2023-11-14 02:26:09.199075+03	115	alex25; updated_at: 2023-11-13 23:25:15.840501+00:00; Ответ2	3		7	31
274	2023-11-14 02:26:09.200076+03	114	history24; updated_at: 2023-11-13 23:25:15.864505+00:00; Ответ0	3		7	31
275	2023-11-14 02:26:09.200076+03	113	samsa11; updated_at: 2023-11-13 23:25:15.800503+00:00; Ответ5	3		7	31
276	2023-11-14 02:26:09.201074+03	112	history5; updated_at: 2023-11-13 23:25:15.472502+00:00; Ответ0	3		7	31
277	2023-11-14 02:26:09.201074+03	111	username9; updated_at: 2023-11-13 23:25:15.472502+00:00; Ответ0	3		7	31
278	2023-11-14 02:26:09.202075+03	110	super20; updated_at: 2023-11-13 23:25:15.776502+00:00; Ответ2	3		7	31
279	2023-11-14 02:26:09.202075+03	109	history5; updated_at: 2023-11-13 23:25:15.838502+00:00; Ответ0	3		7	31
280	2023-11-14 02:26:09.202075+03	108	alex21; updated_at: 2023-11-13 23:25:15.471502+00:00; Ответ3	3		7	31
281	2023-11-14 02:26:09.203076+03	107	history3; updated_at: 2023-11-13 23:25:15.875503+00:00; Ответ1	3		7	31
282	2023-11-14 02:26:09.203076+03	106	history0; updated_at: 2023-11-13 23:25:15.872502+00:00; Ответ4	3		7	31
283	2023-11-14 02:26:09.204075+03	105	alex22; updated_at: 2023-11-13 23:25:15.879504+00:00; Ответ0	3		7	31
284	2023-11-14 02:26:09.204075+03	104	sidor19; updated_at: 2023-11-13 23:25:15.469502+00:00; Ответ2	3		7	31
285	2023-11-14 02:26:09.205075+03	103	qwerty28; updated_at: 2023-11-13 23:25:15.903501+00:00; Ответ5	3		7	31
286	2023-11-14 02:26:09.205075+03	102	alex22; updated_at: 2023-11-13 23:25:15.847502+00:00; Ответ3	3		7	31
287	2023-11-14 02:26:09.206075+03	101	biryani14; updated_at: 2023-11-13 23:25:15.767501+00:00; Ответ3	3		7	31
288	2023-11-14 02:26:16.21259+03	100	49_1699917915.4635031 Вопрос0; user: alex10; updated_at: 2023-11-13 23:25:15.716502+00:00	3		9	31
289	2023-11-14 02:26:16.215591+03	99	48_1699917915.4615016 Вопрос0; user: history3; updated_at: 2023-11-13 23:25:15.618503+00:00	3		9	31
290	2023-11-14 02:26:16.215591+03	98	47_1699917915.459503 Вопрос0; user: qwerty8; updated_at: 2023-11-13 23:25:15.684501+00:00	3		9	31
291	2023-11-14 02:26:16.216592+03	97	46_1699917915.4575024 Вопрос1; user: qwerty29; updated_at: 2023-11-13 23:25:15.701502+00:00	3		9	31
292	2023-11-14 02:26:16.217591+03	96	45_1699917915.4555016 Вопрос1; user: username9; updated_at: 2023-11-13 23:25:15.688502+00:00	3		9	31
293	2023-11-14 02:26:16.217591+03	95	44_1699917915.4545028 Вопрос1; user: username12; updated_at: 2023-11-13 23:25:15.694502+00:00	3		9	31
294	2023-11-14 02:26:16.218591+03	94	43_1699917915.453504 Вопрос1; user: history3; updated_at: 2023-11-13 23:25:15.687503+00:00	3		9	31
295	2023-11-14 02:26:16.218591+03	93	42_1699917915.452502 Вопрос5; user: super17; updated_at: 2023-11-13 23:25:15.702502+00:00	3		9	31
296	2023-11-14 02:26:16.219593+03	92	41_1699917915.4515035 Вопрос5; user: history3; updated_at: 2023-11-13 23:25:15.717502+00:00	3		9	31
297	2023-11-14 02:26:16.219593+03	91	40_1699917915.4495015 Вопрос5; user: alex25; updated_at: 2023-11-13 23:25:15.662503+00:00	3		9	31
298	2023-11-14 02:26:16.220591+03	90	39_1699917915.446502 Вопрос3; user: biryani14; updated_at: 2023-11-13 23:25:15.589502+00:00	3		9	31
299	2023-11-14 02:26:16.220591+03	89	38_1699917915.446502 Вопрос1; user: alex25; updated_at: 2023-11-13 23:25:15.689502+00:00	3		9	31
300	2023-11-14 02:26:16.221591+03	88	37_1699917915.4445024 Вопрос0; user: qwerty6; updated_at: 2023-11-13 23:25:15.704502+00:00	3		9	31
301	2023-11-14 02:26:16.221591+03	87	36_1699917915.4425023 Вопрос4; user: history0; updated_at: 2023-11-13 23:25:15.683503+00:00	3		9	31
302	2023-11-14 02:26:16.222592+03	86	35_1699917915.4405026 Вопрос2; user: super7; updated_at: 2023-11-13 23:25:15.633503+00:00	3		9	31
303	2023-11-14 02:26:16.222592+03	85	34_1699917915.4385023 Вопрос6; user: qwerty28; updated_at: 2023-11-13 23:25:15.681501+00:00	3		9	31
304	2023-11-14 02:26:16.223592+03	84	33_1699917915.4365034 Вопрос4; user: alex18; updated_at: 2023-11-13 23:25:15.613501+00:00	3		9	31
305	2023-11-14 02:26:16.223592+03	83	32_1699917915.4365034 Вопрос4; user: username9; updated_at: 2023-11-13 23:25:15.658503+00:00	3		9	31
306	2023-11-14 02:26:16.224591+03	82	31_1699917915.434504 Вопрос5; user: history24; updated_at: 2023-11-13 23:25:15.707502+00:00	3		9	31
307	2023-11-14 02:26:16.224591+03	81	30_1699917915.4325023 Вопрос5; user: super4; updated_at: 2023-11-13 23:25:15.708502+00:00	3		9	31
308	2023-11-14 02:26:16.225592+03	80	29_1699917915.4305034 Вопрос2; user: biryani23; updated_at: 2023-11-13 23:25:15.700501+00:00	3		9	31
309	2023-11-14 02:26:16.225592+03	79	28_1699917915.4295027 Вопрос1; user: qwerty29; updated_at: 2023-11-13 23:25:15.686502+00:00	3		9	31
310	2023-11-14 02:26:16.226591+03	78	27_1699917915.4275022 Вопрос1; user: history24; updated_at: 2023-11-13 23:25:15.673502+00:00	3		9	31
311	2023-11-14 02:26:16.22759+03	77	26_1699917915.4255023 Вопрос2; user: biryani14; updated_at: 2023-11-13 23:25:15.586502+00:00	3		9	31
312	2023-11-14 02:26:16.22759+03	76	25_1699917915.4245033 Вопрос2; user: biryani23; updated_at: 2023-11-13 23:25:15.622504+00:00	3		9	31
313	2023-11-14 02:26:16.228591+03	75	24_1699917915.4235032 Вопрос2; user: alex10; updated_at: 2023-11-13 23:25:15.706502+00:00	3		9	31
314	2023-11-14 02:26:16.228591+03	74	23_1699917915.4225018 Вопрос3; user: qwerty6; updated_at: 2023-11-13 23:25:15.671503+00:00	3		9	31
315	2023-11-14 02:26:16.22959+03	73	22_1699917915.4205022 Вопрос4; user: qwerty29; updated_at: 2023-11-13 23:25:15.556502+00:00	3		9	31
316	2023-11-14 02:26:16.22959+03	72	21_1699917915.4195025 Вопрос1; user: super4; updated_at: 2023-11-13 23:25:15.675502+00:00	3		9	31
317	2023-11-14 02:26:16.230594+03	71	20_1699917915.4185033 Вопрос4; user: alex10; updated_at: 2023-11-13 23:25:15.714502+00:00	3		9	31
318	2023-11-14 02:26:16.230594+03	70	19_1699917915.417504 Вопрос0; user: username27; updated_at: 2023-11-13 23:25:15.690503+00:00	3		9	31
319	2023-11-14 02:26:16.231592+03	69	18_1699917915.417504 Вопрос6; user: biryani23; updated_at: 2023-11-13 23:25:15.713501+00:00	3		9	31
320	2023-11-14 02:26:16.231592+03	68	17_1699917915.4145024 Вопрос2; user: super7; updated_at: 2023-11-13 23:25:15.674503+00:00	3		9	31
321	2023-11-14 02:26:16.231592+03	67	16_1699917915.4145024 Вопрос5; user: username27; updated_at: 2023-11-13 23:25:15.670502+00:00	3		9	31
322	2023-11-14 02:26:16.232592+03	66	15_1699917915.413504 Вопрос3; user: super4; updated_at: 2023-11-13 23:25:15.602501+00:00	3		9	31
323	2023-11-14 02:26:16.232592+03	65	14_1699917915.4125063 Вопрос4; user: history0; updated_at: 2023-11-13 23:25:15.699502+00:00	3		9	31
324	2023-11-14 02:26:16.233593+03	64	13_1699917915.411502 Вопрос4; user: biryani14; updated_at: 2023-11-13 23:25:15.567502+00:00	3		9	31
325	2023-11-14 02:26:16.234591+03	63	12_1699917915.4095025 Вопрос3; user: history3; updated_at: 2023-11-13 23:25:15.606504+00:00	3		9	31
326	2023-11-14 02:26:16.234591+03	62	11_1699917915.4075024 Вопрос0; user: history5; updated_at: 2023-11-13 23:25:15.715502+00:00	3		9	31
327	2023-11-14 02:26:16.23559+03	61	10_1699917915.4075024 Вопрос1; user: username9; updated_at: 2023-11-13 23:25:15.711502+00:00	3		9	31
328	2023-11-14 02:26:16.23559+03	60	9_1699917915.4065025 Вопрос0; user: qwerty29; updated_at: 2023-11-13 23:25:15.579503+00:00	3		9	31
329	2023-11-14 02:26:16.236591+03	59	8_1699917915.4065025 Вопрос0; user: super1; updated_at: 2023-11-13 23:25:15.549502+00:00	3		9	31
330	2023-11-14 02:26:16.236591+03	58	7_1699917915.4055023 Вопрос1; user: super4; updated_at: 2023-11-13 23:25:15.693503+00:00	3		9	31
331	2023-11-14 02:26:16.237591+03	57	6_1699917915.4035027 Вопрос0; user: qwerty28; updated_at: 2023-11-13 23:25:15.713501+00:00	3		9	31
332	2023-11-14 02:26:16.237591+03	56	5_1699917915.4025033 Вопрос1; user: qwerty29; updated_at: 2023-11-13 23:25:15.598503+00:00	3		9	31
333	2023-11-14 02:26:16.237591+03	55	4_1699917915.401502 Вопрос3; user: biryani23; updated_at: 2023-11-13 23:25:15.703502+00:00	3		9	31
334	2023-11-14 02:26:16.238592+03	54	3_1699917915.401502 Вопрос3; user: super17; updated_at: 2023-11-13 23:25:15.695502+00:00	3		9	31
335	2023-11-14 02:26:16.238592+03	53	2_1699917915.399504 Вопрос3; user: biryani14; updated_at: 2023-11-13 23:25:15.705502+00:00	3		9	31
336	2023-11-14 02:26:16.239592+03	52	1_1699917915.3955028 Вопрос1; user: alex25; updated_at: 2023-11-13 23:25:15.395502+00:00	3		9	31
337	2023-11-14 02:26:16.239592+03	51	0_1699917915.3925037 Вопрос2; user: super4; updated_at: 2023-11-13 23:25:15.709501+00:00	3		9	31
338	2023-11-14 02:26:20.951153+03	51	Тэг6	3		10	31
339	2023-11-14 02:26:20.952152+03	38	Тэг1	3		10	31
340	2023-11-14 02:26:20.953151+03	35	Тэг5	3		10	31
341	2023-11-14 02:26:20.954154+03	34	Тэг2	3		10	31
342	2023-11-14 02:26:20.954154+03	33	Тэг3	3		10	31
343	2023-11-14 02:26:20.955152+03	32	Тэг4	3		10	31
344	2023-11-14 02:26:20.955152+03	31	Тэг7	3		10	31
345	2023-11-14 02:26:26.617489+03	61	qwerty29	3		8	31
346	2023-11-14 02:26:26.619487+03	60	qwerty28	3		8	31
347	2023-11-14 02:26:26.620489+03	59	username27	3		8	31
348	2023-11-14 02:26:26.620489+03	58	super26	3		8	31
349	2023-11-14 02:26:26.621487+03	57	alex25	3		8	31
350	2023-11-14 02:26:26.621487+03	56	history24	3		8	31
351	2023-11-14 02:26:26.622487+03	55	biryani23	3		8	31
352	2023-11-14 02:26:26.622487+03	54	alex22	3		8	31
353	2023-11-14 02:26:26.623488+03	53	alex21	3		8	31
354	2023-11-14 02:26:26.624488+03	52	super20	3		8	31
355	2023-11-14 02:26:26.624488+03	51	sidor19	3		8	31
356	2023-11-14 02:26:26.624488+03	50	alex18	3		8	31
357	2023-11-14 02:26:26.625487+03	49	super17	3		8	31
358	2023-11-14 02:26:26.625487+03	48	samsa16	3		8	31
359	2023-11-14 02:26:26.626488+03	47	alex15	3		8	31
360	2023-11-14 02:26:26.626488+03	46	biryani14	3		8	31
361	2023-11-14 02:26:26.627488+03	45	qwerty13	3		8	31
362	2023-11-14 02:26:26.627488+03	44	username12	3		8	31
363	2023-11-14 02:26:26.628487+03	43	samsa11	3		8	31
364	2023-11-14 02:26:26.628487+03	42	alex10	3		8	31
365	2023-11-14 02:26:26.629487+03	41	username9	3		8	31
366	2023-11-14 02:26:26.629487+03	40	qwerty8	3		8	31
367	2023-11-14 02:26:26.630488+03	39	super7	3		8	31
368	2023-11-14 02:26:26.630488+03	38	qwerty6	3		8	31
369	2023-11-14 02:26:26.631488+03	37	history5	3		8	31
370	2023-11-14 02:26:26.631488+03	36	super4	3		8	31
371	2023-11-14 02:26:26.632487+03	35	history3	3		8	31
372	2023-11-14 02:26:26.632487+03	34	biryani2	3		8	31
373	2023-11-14 02:26:26.633489+03	33	super1	3		8	31
374	2023-11-14 02:26:26.633489+03	32	history0	3		8	31
375	2023-11-14 02:27:48.074152+03	73	username11	2	[{"changed": {"fields": ["Password", "Avatar"]}}]	8	31
376	2023-11-14 02:27:57.465314+03	70	alex8	2	[{"changed": {"fields": ["Password", "Avatar"]}}]	8	31
377	2023-11-14 03:48:13.186411+03	300	alex28; updated_at: 2023-11-13 23:26:35.222075+00:00; Ответ0	3		7	31
378	2023-11-14 03:48:13.188411+03	299	super19; updated_at: 2023-11-13 23:26:35.208072+00:00; Ответ2	3		7	31
379	2023-11-14 03:48:13.189409+03	298	username3; updated_at: 2023-11-13 23:26:35.330071+00:00; Ответ2	3		7	31
380	2023-11-14 03:48:13.189409+03	297	super24; updated_at: 2023-11-13 23:26:35.211072+00:00; Ответ2	3		7	31
381	2023-11-14 03:48:13.19041+03	296	qwerty12; updated_at: 2023-11-13 23:26:35.173073+00:00; Ответ0	3		7	31
382	2023-11-14 03:48:13.19041+03	295	super10; updated_at: 2023-11-13 23:26:35.120072+00:00; Ответ5	3		7	31
383	2023-11-14 03:48:13.191411+03	294	username11; updated_at: 2023-11-13 23:26:35.326072+00:00; Ответ1	3		7	31
384	2023-11-14 03:48:13.192411+03	293	alex28; updated_at: 2023-11-13 23:26:35.210074+00:00; Ответ5	3		7	31
385	2023-11-14 03:48:13.192411+03	292	sidor6; updated_at: 2023-11-13 23:26:35.287071+00:00; Ответ4	3		7	31
386	2023-11-14 03:48:13.193411+03	291	alex5; updated_at: 2023-11-13 23:26:35.327072+00:00; Ответ1	3		7	31
387	2023-11-14 03:48:13.193411+03	290	super25; updated_at: 2023-11-13 23:26:35.142072+00:00; Ответ2	3		7	31
388	2023-11-14 03:48:13.194409+03	289	history4; updated_at: 2023-11-13 23:26:35.185072+00:00; Ответ6	3		7	31
389	2023-11-14 03:48:13.194409+03	288	super25; updated_at: 2023-11-13 23:26:34.865072+00:00; Ответ4	3		7	31
390	2023-11-14 03:48:13.194409+03	287	biryani15; updated_at: 2023-11-13 23:26:35.123072+00:00; Ответ6	3		7	31
391	2023-11-14 03:48:13.19541+03	286	biryani15; updated_at: 2023-11-13 23:26:34.864073+00:00; Ответ4	3		7	31
392	2023-11-14 03:48:13.19541+03	285	alex0; updated_at: 2023-11-13 23:26:35.113073+00:00; Ответ3	3		7	31
393	2023-11-14 03:48:13.196412+03	284	alex5; updated_at: 2023-11-13 23:26:35.073074+00:00; Ответ4	3		7	31
394	2023-11-14 03:48:13.196412+03	283	sidor6; updated_at: 2023-11-13 23:26:35.338073+00:00; Ответ2	3		7	31
395	2023-11-14 03:48:13.19741+03	282	alex22; updated_at: 2023-11-13 23:26:35.333073+00:00; Ответ4	3		7	31
396	2023-11-14 03:48:13.19741+03	281	username14; updated_at: 2023-11-13 23:26:35.324071+00:00; Ответ6	3		7	31
397	2023-11-14 03:48:13.198411+03	280	super19; updated_at: 2023-11-13 23:26:35.212072+00:00; Ответ5	3		7	31
398	2023-11-14 03:48:13.198411+03	279	biryani2; updated_at: 2023-11-13 23:26:35.343072+00:00; Ответ1	3		7	31
399	2023-11-14 03:48:13.199412+03	278	biryani15; updated_at: 2023-11-13 23:26:35.117072+00:00; Ответ6	3		7	31
400	2023-11-14 03:48:13.199412+03	277	sidor9; updated_at: 2023-11-13 23:26:35.321072+00:00; Ответ6	3		7	31
401	2023-11-14 03:48:13.200411+03	276	super19; updated_at: 2023-11-13 23:26:35.112073+00:00; Ответ4	3		7	31
402	2023-11-14 03:48:13.200411+03	275	samsa26; updated_at: 2023-11-13 23:26:35.328072+00:00; Ответ4	3		7	31
403	2023-11-14 03:48:13.201413+03	274	alex27; updated_at: 2023-11-13 23:26:35.219071+00:00; Ответ4	3		7	31
404	2023-11-14 03:48:13.201413+03	273	qwerty12; updated_at: 2023-11-13 23:26:35.175072+00:00; Ответ0	3		7	31
405	2023-11-14 03:48:13.20241+03	272	sidor9; updated_at: 2023-11-13 23:26:35.186072+00:00; Ответ3	3		7	31
406	2023-11-14 03:48:13.20241+03	271	biryani2; updated_at: 2023-11-13 23:26:35.116073+00:00; Ответ5	3		7	31
407	2023-11-14 03:48:13.20241+03	270	username11; updated_at: 2023-11-13 23:26:35.171071+00:00; Ответ3	3		7	31
408	2023-11-14 03:48:13.20341+03	269	super10; updated_at: 2023-11-13 23:26:35.078072+00:00; Ответ0	3		7	31
409	2023-11-14 03:48:13.20441+03	268	samsa7; updated_at: 2023-11-13 23:26:35.083075+00:00; Ответ5	3		7	31
410	2023-11-14 03:48:13.20441+03	267	sidor20; updated_at: 2023-11-13 23:26:35.331071+00:00; Ответ2	3		7	31
411	2023-11-14 03:48:13.20541+03	266	sidor20; updated_at: 2023-11-13 23:26:34.855072+00:00; Ответ1	3		7	31
412	2023-11-14 03:48:13.20541+03	265	super25; updated_at: 2023-11-13 23:26:35.159071+00:00; Ответ3	3		7	31
413	2023-11-14 03:48:13.20641+03	264	alex27; updated_at: 2023-11-13 23:26:35.342072+00:00; Ответ5	3		7	31
414	2023-11-14 03:48:13.207411+03	263	qwerty21; updated_at: 2023-11-13 23:26:35.130073+00:00; Ответ5	3		7	31
415	2023-11-14 03:48:13.207411+03	262	samsa16; updated_at: 2023-11-13 23:26:35.202072+00:00; Ответ5	3		7	31
416	2023-11-14 03:48:13.20841+03	261	biryani15; updated_at: 2023-11-13 23:26:35.189072+00:00; Ответ6	3		7	31
417	2023-11-14 03:48:13.20841+03	260	alex5; updated_at: 2023-11-13 23:26:35.339072+00:00; Ответ1	3		7	31
418	2023-11-14 03:48:13.20841+03	259	sidor9; updated_at: 2023-11-13 23:26:35.129073+00:00; Ответ5	3		7	31
419	2023-11-14 03:48:13.20941+03	258	qwerty29; updated_at: 2023-11-13 23:26:34.851073+00:00; Ответ0	3		7	31
420	2023-11-14 03:48:13.20941+03	257	samsa7; updated_at: 2023-11-13 23:26:35.177074+00:00; Ответ2	3		7	31
421	2023-11-14 03:48:13.21041+03	256	username11; updated_at: 2023-11-13 23:26:34.850072+00:00; Ответ3	3		7	31
422	2023-11-14 03:48:13.21041+03	255	biryani2; updated_at: 2023-11-13 23:26:35.335072+00:00; Ответ0	3		7	31
423	2023-11-14 03:48:13.21141+03	254	sidor20; updated_at: 2023-11-13 23:26:35.187073+00:00; Ответ5	3		7	31
424	2023-11-14 03:48:13.21141+03	253	alex27; updated_at: 2023-11-13 23:26:35.193072+00:00; Ответ1	3		7	31
425	2023-11-14 03:48:13.21241+03	252	qwerty12; updated_at: 2023-11-13 23:26:35.102074+00:00; Ответ1	3		7	31
426	2023-11-14 03:48:13.21241+03	251	samsa23; updated_at: 2023-11-13 23:26:34.848072+00:00; Ответ6	3		7	31
427	2023-11-14 03:48:13.213411+03	250	alex27; updated_at: 2023-11-13 23:26:35.109073+00:00; Ответ4	3		7	31
428	2023-11-14 03:48:13.21441+03	249	alex0; updated_at: 2023-11-13 23:26:35.133073+00:00; Ответ4	3		7	31
429	2023-11-14 03:48:13.21441+03	248	username14; updated_at: 2023-11-13 23:26:35.191072+00:00; Ответ5	3		7	31
430	2023-11-14 03:48:13.215411+03	247	alex5; updated_at: 2023-11-13 23:26:34.846072+00:00; Ответ1	3		7	31
431	2023-11-14 03:48:13.215411+03	246	super24; updated_at: 2023-11-13 23:26:35.206072+00:00; Ответ2	3		7	31
432	2023-11-14 03:48:13.21641+03	245	alex5; updated_at: 2023-11-13 23:26:34.845072+00:00; Ответ1	3		7	31
433	2023-11-14 03:48:13.21641+03	244	super13; updated_at: 2023-11-13 23:26:35.220072+00:00; Ответ2	3		7	31
434	2023-11-14 03:48:13.217409+03	243	super19; updated_at: 2023-11-13 23:26:35.192073+00:00; Ответ5	3		7	31
435	2023-11-14 03:48:13.21841+03	242	sidor9; updated_at: 2023-11-13 23:26:35.323072+00:00; Ответ6	3		7	31
436	2023-11-14 03:48:13.21841+03	241	biryani2; updated_at: 2023-11-13 23:26:35.134072+00:00; Ответ6	3		7	31
437	2023-11-14 03:48:13.21941+03	240	alex5; updated_at: 2023-11-13 23:26:35.325073+00:00; Ответ5	3		7	31
438	2023-11-14 03:48:13.21941+03	239	history4; updated_at: 2023-11-13 23:26:35.333073+00:00; Ответ5	3		7	31
439	2023-11-14 03:48:13.22041+03	238	super24; updated_at: 2023-11-13 23:26:35.105074+00:00; Ответ0	3		7	31
440	2023-11-14 03:48:13.22041+03	237	super25; updated_at: 2023-11-13 23:26:35.075071+00:00; Ответ5	3		7	31
441	2023-11-14 03:48:13.22141+03	236	alex22; updated_at: 2023-11-13 23:26:34.841072+00:00; Ответ3	3		7	31
442	2023-11-14 03:48:13.222409+03	235	sidor20; updated_at: 2023-11-13 23:26:34.841072+00:00; Ответ0	3		7	31
443	2023-11-14 03:48:13.222409+03	234	super10; updated_at: 2023-11-13 23:26:35.340074+00:00; Ответ5	3		7	31
444	2023-11-14 03:48:13.223409+03	233	super24; updated_at: 2023-11-13 23:26:34.840072+00:00; Ответ5	3		7	31
445	2023-11-14 03:48:13.223409+03	232	sidor20; updated_at: 2023-11-13 23:26:34.839072+00:00; Ответ4	3		7	31
446	2023-11-14 03:48:13.224414+03	231	alex8; updated_at: 2023-11-13 23:26:35.160072+00:00; Ответ5	3		7	31
447	2023-11-14 03:48:13.224414+03	230	qwerty12; updated_at: 2023-11-13 23:26:35.341073+00:00; Ответ6	3		7	31
448	2023-11-14 03:48:13.225409+03	229	samsa26; updated_at: 2023-11-13 23:26:35.182073+00:00; Ответ4	3		7	31
449	2023-11-14 03:48:13.225409+03	228	qwerty12; updated_at: 2023-11-13 23:26:35.165073+00:00; Ответ3	3		7	31
450	2023-11-14 03:48:13.226411+03	227	super13; updated_at: 2023-11-13 23:26:35.153073+00:00; Ответ3	3		7	31
451	2023-11-14 03:48:13.226411+03	226	samsa23; updated_at: 2023-11-13 23:26:35.200073+00:00; Ответ1	3		7	31
452	2023-11-14 03:48:13.22741+03	225	username3; updated_at: 2023-11-13 23:26:35.093072+00:00; Ответ4	3		7	31
453	2023-11-14 03:48:13.22741+03	224	super13; updated_at: 2023-11-13 23:26:35.194073+00:00; Ответ3	3		7	31
454	2023-11-14 03:48:13.228409+03	223	super10; updated_at: 2023-11-13 23:26:35.140072+00:00; Ответ0	3		7	31
455	2023-11-14 03:48:13.228409+03	222	username14; updated_at: 2023-11-13 23:26:35.218073+00:00; Ответ4	3		7	31
456	2023-11-14 03:48:13.229409+03	221	history1; updated_at: 2023-11-13 23:26:35.163074+00:00; Ответ1	3		7	31
457	2023-11-14 03:48:13.229409+03	220	samsa7; updated_at: 2023-11-13 23:26:35.166074+00:00; Ответ4	3		7	31
458	2023-11-14 03:48:13.23041+03	219	alex17; updated_at: 2023-11-13 23:26:35.322073+00:00; Ответ2	3		7	31
459	2023-11-14 03:48:13.23041+03	218	history4; updated_at: 2023-11-13 23:26:35.344073+00:00; Ответ1	3		7	31
460	2023-11-14 03:48:13.23141+03	217	username11; updated_at: 2023-11-13 23:26:35.336073+00:00; Ответ0	3		7	31
461	2023-11-14 03:48:13.23141+03	216	samsa16; updated_at: 2023-11-13 23:26:35.203072+00:00; Ответ0	3		7	31
462	2023-11-14 03:48:13.23141+03	215	super10; updated_at: 2023-11-13 23:26:35.329072+00:00; Ответ0	3		7	31
463	2023-11-14 03:48:13.23241+03	214	samsa26; updated_at: 2023-11-13 23:26:35.071072+00:00; Ответ2	3		7	31
464	2023-11-14 03:48:13.23241+03	213	samsa23; updated_at: 2023-11-13 23:26:35.337072+00:00; Ответ2	3		7	31
465	2023-11-14 03:48:13.23341+03	212	super19; updated_at: 2023-11-13 23:26:34.830072+00:00; Ответ2	3		7	31
466	2023-11-14 03:48:13.23341+03	211	username14; updated_at: 2023-11-13 23:26:35.131072+00:00; Ответ2	3		7	31
467	2023-11-14 03:48:13.23441+03	210	qwerty29; updated_at: 2023-11-13 23:26:35.332073+00:00; Ответ5	3		7	31
468	2023-11-14 03:48:13.23441+03	209	username3; updated_at: 2023-11-13 23:26:35.180072+00:00; Ответ4	3		7	31
469	2023-11-14 03:48:13.23541+03	208	history1; updated_at: 2023-11-13 23:26:35.135073+00:00; Ответ1	3		7	31
470	2023-11-14 03:48:13.23541+03	207	history1; updated_at: 2023-11-13 23:26:35.217071+00:00; Ответ5	3		7	31
471	2023-11-14 03:48:13.23641+03	206	alex5; updated_at: 2023-11-13 23:26:35.334072+00:00; Ответ6	3		7	31
472	2023-11-14 03:48:13.23641+03	205	qwerty29; updated_at: 2023-11-13 23:26:35.145073+00:00; Ответ3	3		7	31
473	2023-11-14 03:48:13.23741+03	204	sidor6; updated_at: 2023-11-13 23:26:35.338073+00:00; Ответ3	3		7	31
474	2023-11-14 03:48:13.23741+03	203	qwerty12; updated_at: 2023-11-13 23:26:35.223073+00:00; Ответ0	3		7	31
475	2023-11-14 03:48:13.23841+03	202	samsa16; updated_at: 2023-11-13 23:26:34.826073+00:00; Ответ6	3		7	31
476	2023-11-14 03:48:13.23841+03	201	username14; updated_at: 2023-11-13 23:26:35.168074+00:00; Ответ3	3		7	31
477	2023-11-14 03:48:22.009623+03	150	49_ Вопрос3; user: biryani2; updated_at: 2023-11-13 23:26:35.056073+00:00	3		9	31
478	2023-11-14 03:48:22.011621+03	149	48_ Вопрос2; user: alex28; updated_at: 2023-11-13 23:26:35.034072+00:00	3		9	31
479	2023-11-14 03:48:22.012623+03	148	47_ Вопрос3; user: alex5; updated_at: 2023-11-13 23:26:35.018072+00:00	3		9	31
480	2023-11-14 03:48:22.012623+03	147	46_ Вопрос6; user: qwerty29; updated_at: 2023-11-13 23:26:35.025072+00:00	3		9	31
481	2023-11-14 03:48:22.013621+03	146	45_ Вопрос3; user: username3; updated_at: 2023-11-13 23:26:35.028072+00:00	3		9	31
482	2023-11-14 03:48:22.013621+03	145	44_ Вопрос2; user: sidor20; updated_at: 2023-11-13 23:26:34.914073+00:00	3		9	31
483	2023-11-14 03:48:22.014621+03	144	43_ Вопрос6; user: sidor20; updated_at: 2023-11-13 23:26:35.039073+00:00	3		9	31
484	2023-11-14 03:48:22.014621+03	143	42_ Вопрос0; user: alex22; updated_at: 2023-11-13 23:26:35.053072+00:00	3		9	31
485	2023-11-14 03:48:22.015622+03	142	41_ Вопрос4; user: alex5; updated_at: 2023-11-13 23:26:35.060073+00:00	3		9	31
486	2023-11-14 03:48:22.015622+03	141	40_ Вопрос2; user: qwerty29; updated_at: 2023-11-13 23:26:35.008072+00:00	3		9	31
487	2023-11-14 03:48:22.016621+03	140	39_ Вопрос1; user: qwerty12; updated_at: 2023-11-13 23:26:35.022072+00:00	3		9	31
488	2023-11-14 03:48:22.016621+03	139	38_ Вопрос4; user: qwerty29; updated_at: 2023-11-13 23:26:35.047072+00:00	3		9	31
489	2023-11-14 03:48:22.017624+03	138	37_ Вопрос1; user: samsa26; updated_at: 2023-11-13 23:26:35.059073+00:00	3		9	31
490	2023-11-14 03:48:22.017624+03	137	36_ Вопрос4; user: sidor18; updated_at: 2023-11-13 23:26:34.982073+00:00	3		9	31
491	2023-11-14 03:48:22.018622+03	136	35_ Вопрос5; user: history1; updated_at: 2023-11-13 23:26:35.020072+00:00	3		9	31
492	2023-11-14 03:48:22.018622+03	135	34_ Вопрос6; user: super24; updated_at: 2023-11-13 23:26:35.046072+00:00	3		9	31
493	2023-11-14 03:48:22.019622+03	134	33_ Вопрос6; user: super25; updated_at: 2023-11-13 23:26:35.053072+00:00	3		9	31
494	2023-11-14 03:48:22.019622+03	133	32_ Вопрос3; user: sidor6; updated_at: 2023-11-13 23:26:35.030072+00:00	3		9	31
495	2023-11-14 03:48:22.020623+03	132	31_ Вопрос3; user: alex22; updated_at: 2023-11-13 23:26:35.042072+00:00	3		9	31
496	2023-11-14 03:48:22.020623+03	131	30_ Вопрос0; user: alex27; updated_at: 2023-11-13 23:26:35.032072+00:00	3		9	31
497	2023-11-14 03:48:22.021621+03	130	29_ Вопрос3; user: sidor20; updated_at: 2023-11-13 23:26:35.054072+00:00	3		9	31
498	2023-11-14 03:48:22.021621+03	129	28_ Вопрос6; user: username14; updated_at: 2023-11-13 23:26:35.017072+00:00	3		9	31
499	2023-11-14 03:48:22.022621+03	128	27_ Вопрос6; user: super19; updated_at: 2023-11-13 23:26:34.949072+00:00	3		9	31
500	2023-11-14 03:48:22.022621+03	127	26_ Вопрос1; user: sidor18; updated_at: 2023-11-13 23:26:35.023072+00:00	3		9	31
501	2023-11-14 03:48:22.02362+03	126	25_ Вопрос1; user: username3; updated_at: 2023-11-13 23:26:35.055072+00:00	3		9	31
502	2023-11-14 03:48:22.02362+03	125	24_ Вопрос5; user: super19; updated_at: 2023-11-13 23:26:35.013072+00:00	3		9	31
503	2023-11-14 03:48:22.02362+03	124	23_ Вопрос0; user: super13; updated_at: 2023-11-13 23:26:34.883071+00:00	3		9	31
504	2023-11-14 03:48:22.024622+03	123	22_ Вопрос0; user: biryani15; updated_at: 2023-11-13 23:26:34.999072+00:00	3		9	31
505	2023-11-14 03:48:22.025622+03	122	21_ Вопрос3; user: super19; updated_at: 2023-11-13 23:26:35.051072+00:00	3		9	31
506	2023-11-14 03:48:22.025622+03	121	20_ Вопрос3; user: alex27; updated_at: 2023-11-13 23:26:34.927071+00:00	3		9	31
507	2023-11-14 03:48:22.025622+03	120	19_ Вопрос2; user: alex27; updated_at: 2023-11-13 23:26:35.050073+00:00	3		9	31
508	2023-11-14 03:48:22.026622+03	119	18_ Вопрос3; user: samsa23; updated_at: 2023-11-13 23:26:34.974072+00:00	3		9	31
509	2023-11-14 03:48:22.027622+03	118	17_ Вопрос2; user: alex28; updated_at: 2023-11-13 23:26:35.045072+00:00	3		9	31
510	2023-11-14 03:48:22.027622+03	117	16_ Вопрос0; user: qwerty12; updated_at: 2023-11-13 23:26:34.961073+00:00	3		9	31
511	2023-11-14 03:48:22.028621+03	116	15_ Вопрос3; user: alex0; updated_at: 2023-11-13 23:26:35.027072+00:00	3		9	31
512	2023-11-14 03:48:22.028621+03	115	14_ Вопрос2; user: alex17; updated_at: 2023-11-13 23:26:35.048071+00:00	3		9	31
513	2023-11-14 03:48:22.029621+03	114	13_ Вопрос3; user: biryani15; updated_at: 2023-11-13 23:26:35.058072+00:00	3		9	31
514	2023-11-14 03:48:22.029621+03	113	12_ Вопрос0; user: sidor18; updated_at: 2023-11-13 23:26:34.954072+00:00	3		9	31
515	2023-11-14 03:48:22.029621+03	112	11_ Вопрос2; user: biryani2; updated_at: 2023-11-13 23:26:35.005073+00:00	3		9	31
516	2023-11-14 03:48:22.030622+03	111	10_ Вопрос3; user: alex17; updated_at: 2023-11-13 23:26:35.052073+00:00	3		9	31
517	2023-11-14 03:48:22.030622+03	110	9_ Вопрос3; user: super25; updated_at: 2023-11-13 23:26:35.026072+00:00	3		9	31
518	2023-11-14 03:48:22.031622+03	109	8_ Вопрос6; user: alex22; updated_at: 2023-11-13 23:26:34.996073+00:00	3		9	31
519	2023-11-14 03:48:22.031622+03	108	7_ Вопрос1; user: alex5; updated_at: 2023-11-13 23:26:35.001072+00:00	3		9	31
520	2023-11-14 03:48:22.032622+03	107	6_ Вопрос5; user: biryani2; updated_at: 2023-11-13 23:26:34.979073+00:00	3		9	31
521	2023-11-14 03:48:22.033621+03	106	5_ Вопрос1; user: alex17; updated_at: 2023-11-13 23:26:34.958073+00:00	3		9	31
522	2023-11-14 03:48:22.033621+03	105	4_ Вопрос1; user: biryani15; updated_at: 2023-11-13 23:26:35.029072+00:00	3		9	31
523	2023-11-14 03:48:22.033621+03	104	3_ Вопрос3; user: samsa26; updated_at: 2023-11-13 23:26:35.057072+00:00	3		9	31
524	2023-11-14 03:48:22.034621+03	103	2_ Вопрос6; user: alex27; updated_at: 2023-11-13 23:26:35.041071+00:00	3		9	31
525	2023-11-14 03:48:22.035621+03	102	1_ Вопрос6; user: alex28; updated_at: 2023-11-13 23:26:35.043072+00:00	3		9	31
526	2023-11-14 03:48:22.035621+03	101	0_ Вопрос5; user: super10; updated_at: 2023-11-13 23:26:35.049072+00:00	3		9	31
527	2023-11-14 03:48:27.061323+03	74	Тэг3	3		10	31
528	2023-11-14 03:48:27.063325+03	72	Тэг4	3		10	31
529	2023-11-14 03:48:27.063325+03	68	Тэг2	3		10	31
530	2023-11-14 03:48:27.064324+03	64	Тэг1	3		10	31
531	2023-11-14 03:48:27.064324+03	63	Тэг5	3		10	31
532	2023-11-14 03:48:27.065324+03	62	Тэг7	3		10	31
533	2023-11-14 03:48:27.065324+03	61	Тэг6	3		10	31
534	2023-11-14 03:48:32.799655+03	91	qwerty29	3		8	31
535	2023-11-14 03:48:32.800656+03	90	alex28	3		8	31
536	2023-11-14 03:48:32.801656+03	89	alex27	3		8	31
537	2023-11-14 03:48:32.801656+03	88	samsa26	3		8	31
538	2023-11-14 03:48:32.802656+03	87	super25	3		8	31
539	2023-11-14 03:48:32.802656+03	86	super24	3		8	31
540	2023-11-14 03:48:32.803656+03	85	samsa23	3		8	31
541	2023-11-14 03:48:32.803656+03	84	alex22	3		8	31
542	2023-11-14 03:48:32.804655+03	83	qwerty21	3		8	31
543	2023-11-14 03:48:32.804655+03	82	sidor20	3		8	31
544	2023-11-14 03:48:32.805657+03	81	super19	3		8	31
545	2023-11-14 03:48:32.805657+03	80	sidor18	3		8	31
546	2023-11-14 03:48:32.806656+03	79	alex17	3		8	31
547	2023-11-14 03:48:32.806656+03	78	samsa16	3		8	31
548	2023-11-14 03:48:32.807655+03	77	biryani15	3		8	31
549	2023-11-14 03:48:32.807655+03	76	username14	3		8	31
550	2023-11-14 03:48:32.808655+03	75	super13	3		8	31
551	2023-11-14 03:48:32.808655+03	74	qwerty12	3		8	31
552	2023-11-14 03:48:32.809656+03	73	username11	3		8	31
553	2023-11-14 03:48:32.809656+03	72	super10	3		8	31
554	2023-11-14 03:48:32.810657+03	71	sidor9	3		8	31
556	2023-11-14 03:48:32.811655+03	69	samsa7	3		8	31
557	2023-11-14 03:48:32.811655+03	68	sidor6	3		8	31
558	2023-11-14 03:48:32.812656+03	67	alex5	3		8	31
559	2023-11-14 03:48:32.81366+03	66	history4	3		8	31
560	2023-11-14 03:48:32.81366+03	65	username3	3		8	31
561	2023-11-14 03:48:32.814655+03	64	biryani2	3		8	31
562	2023-11-14 03:48:32.814655+03	63	history1	3		8	31
563	2023-11-14 03:48:32.814655+03	62	alex0	3		8	31
\.


--
-- Data for Name: django_content_type; Type: TABLE DATA; Schema: public; Owner: postgres
--

COPY public.django_content_type (id, app_label, model) FROM stdin;
1	admin	logentry
2	auth	permission
3	auth	group
4	auth	user
5	contenttypes	contenttype
6	sessions	session
7	app	answer
8	app	profile
9	app	question
10	app	tag
11	app	questionlike
12	app	answerlike
\.


--
-- Data for Name: django_migrations; Type: TABLE DATA; Schema: public; Owner: postgres
--

COPY public.django_migrations (id, app, name, applied) FROM stdin;
1	contenttypes	0001_initial	2023-11-14 02:18:17.322465+03
2	auth	0001_initial	2023-11-14 02:18:18.294046+03
3	admin	0001_initial	2023-11-14 02:18:18.446047+03
4	admin	0002_logentry_remove_auto_add	2023-11-14 02:18:18.450045+03
5	admin	0003_logentry_add_action_flag_choices	2023-11-14 02:18:18.455046+03
6	contenttypes	0002_remove_content_type_name	2023-11-14 02:18:18.463047+03
7	auth	0002_alter_permission_name_max_length	2023-11-14 02:18:18.469046+03
8	auth	0003_alter_user_email_max_length	2023-11-14 02:18:18.474046+03
9	auth	0004_alter_user_username_opts	2023-11-14 02:18:18.478048+03
10	auth	0005_alter_user_last_login_null	2023-11-14 02:18:18.482045+03
11	auth	0006_require_contenttypes_0002	2023-11-14 02:18:18.484047+03
12	auth	0007_alter_validators_add_error_messages	2023-11-14 02:18:18.489048+03
13	auth	0008_alter_user_username_max_length	2023-11-14 02:18:18.524047+03
14	auth	0009_alter_user_last_name_max_length	2023-11-14 02:18:18.529046+03
15	auth	0010_alter_group_name_max_length	2023-11-14 02:18:18.534046+03
16	auth	0011_update_proxy_permissions	2023-11-14 02:18:18.539046+03
17	auth	0012_alter_user_first_name_max_length	2023-11-14 02:18:18.543046+03
18	app	0001_initial	2023-11-14 02:18:19.467047+03
19	sessions	0001_initial	2023-11-14 02:18:19.623046+03
\.


--
-- Data for Name: django_session; Type: TABLE DATA; Schema: public; Owner: postgres
--

COPY public.django_session (session_key, session_data, expire_date) FROM stdin;
8po8mkc7zcd4nwjg9q48575flpr711yp	.eJxVjLEOwjAMRP8lM4pqkjgtIzvfEDm2SwqolZp2Qvw7rdQBlhvuvbu3SbQuJa1V5zSIuRgH5vRbZuKnjjuRB433yfI0LvOQ7a7Yg1Z7m0Rf18P9OyhUy7YOAH1uoAsSt8CW2ZMLiFEjU3fGBsE1KNzFFkRZImrvg2jOoSfH3ny-6vc4EQ:1r2gEg:u3cN8X9mjMfw9IuLgYiW7NN5EG06eDItqMZu-qliWbM	2023-11-28 02:20:54.327883+03
\.


--
-- Name: app_answer_id_seq; Type: SEQUENCE SET; Schema: public; Owner: postgres
--

SELECT pg_catalog.setval('public.app_answer_id_seq', 400, true);


--
-- Name: app_answerlike_id_seq; Type: SEQUENCE SET; Schema: public; Owner: postgres
--

SELECT pg_catalog.setval('public.app_answerlike_id_seq', 800, true);


--
-- Name: app_question_id_seq; Type: SEQUENCE SET; Schema: public; Owner: postgres
--

SELECT pg_catalog.setval('public.app_question_id_seq', 200, true);


--
-- Name: app_question_tags_id_seq; Type: SEQUENCE SET; Schema: public; Owner: postgres
--

SELECT pg_catalog.setval('public.app_question_tags_id_seq', 287, true);


--
-- Name: app_questionlike_id_seq; Type: SEQUENCE SET; Schema: public; Owner: postgres
--

SELECT pg_catalog.setval('public.app_questionlike_id_seq', 800, true);


--
-- Name: app_tag_id_seq; Type: SEQUENCE SET; Schema: public; Owner: postgres
--

SELECT pg_catalog.setval('public.app_tag_id_seq', 120, true);


--
-- Name: auth_group_id_seq; Type: SEQUENCE SET; Schema: public; Owner: postgres
--

SELECT pg_catalog.setval('public.auth_group_id_seq', 1, false);


--
-- Name: auth_group_permissions_id_seq; Type: SEQUENCE SET; Schema: public; Owner: postgres
--

SELECT pg_catalog.setval('public.auth_group_permissions_id_seq', 1, false);


--
-- Name: auth_permission_id_seq; Type: SEQUENCE SET; Schema: public; Owner: postgres
--

SELECT pg_catalog.setval('public.auth_permission_id_seq', 48, true);


--
-- Name: auth_user_groups_id_seq; Type: SEQUENCE SET; Schema: public; Owner: postgres
--

SELECT pg_catalog.setval('public.auth_user_groups_id_seq', 1, false);


--
-- Name: auth_user_id_seq; Type: SEQUENCE SET; Schema: public; Owner: postgres
--

SELECT pg_catalog.setval('public.auth_user_id_seq', 121, true);


--
-- Name: auth_user_user_permissions_id_seq; Type: SEQUENCE SET; Schema: public; Owner: postgres
--

SELECT pg_catalog.setval('public.auth_user_user_permissions_id_seq', 1, false);


--
-- Name: django_admin_log_id_seq; Type: SEQUENCE SET; Schema: public; Owner: postgres
--

SELECT pg_catalog.setval('public.django_admin_log_id_seq', 563, true);


--
-- Name: django_content_type_id_seq; Type: SEQUENCE SET; Schema: public; Owner: postgres
--

SELECT pg_catalog.setval('public.django_content_type_id_seq', 12, true);


--
-- Name: django_migrations_id_seq; Type: SEQUENCE SET; Schema: public; Owner: postgres
--

SELECT pg_catalog.setval('public.django_migrations_id_seq', 19, true);


--
-- Name: app_answer app_answer_pkey; Type: CONSTRAINT; Schema: public; Owner: postgres
--

ALTER TABLE ONLY public.app_answer
    ADD CONSTRAINT app_answer_pkey PRIMARY KEY (id);


--
-- Name: app_answerlike app_answerlike_pkey; Type: CONSTRAINT; Schema: public; Owner: postgres
--

ALTER TABLE ONLY public.app_answerlike
    ADD CONSTRAINT app_answerlike_pkey PRIMARY KEY (id);


--
-- Name: app_profile app_profile_pkey; Type: CONSTRAINT; Schema: public; Owner: postgres
--

ALTER TABLE ONLY public.app_profile
    ADD CONSTRAINT app_profile_pkey PRIMARY KEY (user_ptr_id);


--
-- Name: app_question app_question_correct_answer_id_key; Type: CONSTRAINT; Schema: public; Owner: postgres
--

ALTER TABLE ONLY public.app_question
    ADD CONSTRAINT app_question_correct_answer_id_key UNIQUE (correct_answer_id);


--
-- Name: app_question app_question_pkey; Type: CONSTRAINT; Schema: public; Owner: postgres
--

ALTER TABLE ONLY public.app_question
    ADD CONSTRAINT app_question_pkey PRIMARY KEY (id);


--
-- Name: app_question_tags app_question_tags_pkey; Type: CONSTRAINT; Schema: public; Owner: postgres
--

ALTER TABLE ONLY public.app_question_tags
    ADD CONSTRAINT app_question_tags_pkey PRIMARY KEY (id);


--
-- Name: app_question_tags app_question_tags_question_id_tag_id_2779bb00_uniq; Type: CONSTRAINT; Schema: public; Owner: postgres
--

ALTER TABLE ONLY public.app_question_tags
    ADD CONSTRAINT app_question_tags_question_id_tag_id_2779bb00_uniq UNIQUE (question_id, tag_id);


--
-- Name: app_questionlike app_questionlike_pkey; Type: CONSTRAINT; Schema: public; Owner: postgres
--

ALTER TABLE ONLY public.app_questionlike
    ADD CONSTRAINT app_questionlike_pkey PRIMARY KEY (id);


--
-- Name: app_tag app_tag_name_key; Type: CONSTRAINT; Schema: public; Owner: postgres
--

ALTER TABLE ONLY public.app_tag
    ADD CONSTRAINT app_tag_name_key UNIQUE (name);


--
-- Name: app_tag app_tag_pkey; Type: CONSTRAINT; Schema: public; Owner: postgres
--

ALTER TABLE ONLY public.app_tag
    ADD CONSTRAINT app_tag_pkey PRIMARY KEY (id);


--
-- Name: auth_group auth_group_name_key; Type: CONSTRAINT; Schema: public; Owner: postgres
--

ALTER TABLE ONLY public.auth_group
    ADD CONSTRAINT auth_group_name_key UNIQUE (name);


--
-- Name: auth_group_permissions auth_group_permissions_group_id_permission_id_0cd325b0_uniq; Type: CONSTRAINT; Schema: public; Owner: postgres
--

ALTER TABLE ONLY public.auth_group_permissions
    ADD CONSTRAINT auth_group_permissions_group_id_permission_id_0cd325b0_uniq UNIQUE (group_id, permission_id);


--
-- Name: auth_group_permissions auth_group_permissions_pkey; Type: CONSTRAINT; Schema: public; Owner: postgres
--

ALTER TABLE ONLY public.auth_group_permissions
    ADD CONSTRAINT auth_group_permissions_pkey PRIMARY KEY (id);


--
-- Name: auth_group auth_group_pkey; Type: CONSTRAINT; Schema: public; Owner: postgres
--

ALTER TABLE ONLY public.auth_group
    ADD CONSTRAINT auth_group_pkey PRIMARY KEY (id);


--
-- Name: auth_permission auth_permission_content_type_id_codename_01ab375a_uniq; Type: CONSTRAINT; Schema: public; Owner: postgres
--

ALTER TABLE ONLY public.auth_permission
    ADD CONSTRAINT auth_permission_content_type_id_codename_01ab375a_uniq UNIQUE (content_type_id, codename);


--
-- Name: auth_permission auth_permission_pkey; Type: CONSTRAINT; Schema: public; Owner: postgres
--

ALTER TABLE ONLY public.auth_permission
    ADD CONSTRAINT auth_permission_pkey PRIMARY KEY (id);


--
-- Name: auth_user_groups auth_user_groups_pkey; Type: CONSTRAINT; Schema: public; Owner: postgres
--

ALTER TABLE ONLY public.auth_user_groups
    ADD CONSTRAINT auth_user_groups_pkey PRIMARY KEY (id);


--
-- Name: auth_user_groups auth_user_groups_user_id_group_id_94350c0c_uniq; Type: CONSTRAINT; Schema: public; Owner: postgres
--

ALTER TABLE ONLY public.auth_user_groups
    ADD CONSTRAINT auth_user_groups_user_id_group_id_94350c0c_uniq UNIQUE (user_id, group_id);


--
-- Name: auth_user auth_user_pkey; Type: CONSTRAINT; Schema: public; Owner: postgres
--

ALTER TABLE ONLY public.auth_user
    ADD CONSTRAINT auth_user_pkey PRIMARY KEY (id);


--
-- Name: auth_user_user_permissions auth_user_user_permissions_pkey; Type: CONSTRAINT; Schema: public; Owner: postgres
--

ALTER TABLE ONLY public.auth_user_user_permissions
    ADD CONSTRAINT auth_user_user_permissions_pkey PRIMARY KEY (id);


--
-- Name: auth_user_user_permissions auth_user_user_permissions_user_id_permission_id_14a6b632_uniq; Type: CONSTRAINT; Schema: public; Owner: postgres
--

ALTER TABLE ONLY public.auth_user_user_permissions
    ADD CONSTRAINT auth_user_user_permissions_user_id_permission_id_14a6b632_uniq UNIQUE (user_id, permission_id);


--
-- Name: auth_user auth_user_username_key; Type: CONSTRAINT; Schema: public; Owner: postgres
--

ALTER TABLE ONLY public.auth_user
    ADD CONSTRAINT auth_user_username_key UNIQUE (username);


--
-- Name: django_admin_log django_admin_log_pkey; Type: CONSTRAINT; Schema: public; Owner: postgres
--

ALTER TABLE ONLY public.django_admin_log
    ADD CONSTRAINT django_admin_log_pkey PRIMARY KEY (id);


--
-- Name: django_content_type django_content_type_app_label_model_76bd3d3b_uniq; Type: CONSTRAINT; Schema: public; Owner: postgres
--

ALTER TABLE ONLY public.django_content_type
    ADD CONSTRAINT django_content_type_app_label_model_76bd3d3b_uniq UNIQUE (app_label, model);


--
-- Name: django_content_type django_content_type_pkey; Type: CONSTRAINT; Schema: public; Owner: postgres
--

ALTER TABLE ONLY public.django_content_type
    ADD CONSTRAINT django_content_type_pkey PRIMARY KEY (id);


--
-- Name: django_migrations django_migrations_pkey; Type: CONSTRAINT; Schema: public; Owner: postgres
--

ALTER TABLE ONLY public.django_migrations
    ADD CONSTRAINT django_migrations_pkey PRIMARY KEY (id);


--
-- Name: django_session django_session_pkey; Type: CONSTRAINT; Schema: public; Owner: postgres
--

ALTER TABLE ONLY public.django_session
    ADD CONSTRAINT django_session_pkey PRIMARY KEY (session_key);


--
-- Name: app_answer_question_id_4b805cab; Type: INDEX; Schema: public; Owner: postgres
--

CREATE INDEX app_answer_question_id_4b805cab ON public.app_answer USING btree (question_id);


--
-- Name: app_answer_user_id_5c46e195; Type: INDEX; Schema: public; Owner: postgres
--

CREATE INDEX app_answer_user_id_5c46e195 ON public.app_answer USING btree (user_id);


--
-- Name: app_answerlike_answer_id_9b9924cc; Type: INDEX; Schema: public; Owner: postgres
--

CREATE INDEX app_answerlike_answer_id_9b9924cc ON public.app_answerlike USING btree (answer_id);


--
-- Name: app_answerlike_user_id_98d935b9; Type: INDEX; Schema: public; Owner: postgres
--

CREATE INDEX app_answerlike_user_id_98d935b9 ON public.app_answerlike USING btree (user_id);


--
-- Name: app_question_tags_question_id_990c0de7; Type: INDEX; Schema: public; Owner: postgres
--

CREATE INDEX app_question_tags_question_id_990c0de7 ON public.app_question_tags USING btree (question_id);


--
-- Name: app_question_tags_tag_id_a28744fe; Type: INDEX; Schema: public; Owner: postgres
--

CREATE INDEX app_question_tags_tag_id_a28744fe ON public.app_question_tags USING btree (tag_id);


--
-- Name: app_question_user_id_e30a086c; Type: INDEX; Schema: public; Owner: postgres
--

CREATE INDEX app_question_user_id_e30a086c ON public.app_question USING btree (user_id);


--
-- Name: app_questionlike_question_id_317f29a2; Type: INDEX; Schema: public; Owner: postgres
--

CREATE INDEX app_questionlike_question_id_317f29a2 ON public.app_questionlike USING btree (question_id);


--
-- Name: app_questionlike_user_id_2cf2ae7e; Type: INDEX; Schema: public; Owner: postgres
--

CREATE INDEX app_questionlike_user_id_2cf2ae7e ON public.app_questionlike USING btree (user_id);


--
-- Name: app_tag_name_749da597_like; Type: INDEX; Schema: public; Owner: postgres
--

CREATE INDEX app_tag_name_749da597_like ON public.app_tag USING btree (name varchar_pattern_ops);


--
-- Name: auth_group_name_a6ea08ec_like; Type: INDEX; Schema: public; Owner: postgres
--

CREATE INDEX auth_group_name_a6ea08ec_like ON public.auth_group USING btree (name varchar_pattern_ops);


--
-- Name: auth_group_permissions_group_id_b120cbf9; Type: INDEX; Schema: public; Owner: postgres
--

CREATE INDEX auth_group_permissions_group_id_b120cbf9 ON public.auth_group_permissions USING btree (group_id);


--
-- Name: auth_group_permissions_permission_id_84c5c92e; Type: INDEX; Schema: public; Owner: postgres
--

CREATE INDEX auth_group_permissions_permission_id_84c5c92e ON public.auth_group_permissions USING btree (permission_id);


--
-- Name: auth_permission_content_type_id_2f476e4b; Type: INDEX; Schema: public; Owner: postgres
--

CREATE INDEX auth_permission_content_type_id_2f476e4b ON public.auth_permission USING btree (content_type_id);


--
-- Name: auth_user_groups_group_id_97559544; Type: INDEX; Schema: public; Owner: postgres
--

CREATE INDEX auth_user_groups_group_id_97559544 ON public.auth_user_groups USING btree (group_id);


--
-- Name: auth_user_groups_user_id_6a12ed8b; Type: INDEX; Schema: public; Owner: postgres
--

CREATE INDEX auth_user_groups_user_id_6a12ed8b ON public.auth_user_groups USING btree (user_id);


--
-- Name: auth_user_user_permissions_permission_id_1fbb5f2c; Type: INDEX; Schema: public; Owner: postgres
--

CREATE INDEX auth_user_user_permissions_permission_id_1fbb5f2c ON public.auth_user_user_permissions USING btree (permission_id);


--
-- Name: auth_user_user_permissions_user_id_a95ead1b; Type: INDEX; Schema: public; Owner: postgres
--

CREATE INDEX auth_user_user_permissions_user_id_a95ead1b ON public.auth_user_user_permissions USING btree (user_id);


--
-- Name: auth_user_username_6821ab7c_like; Type: INDEX; Schema: public; Owner: postgres
--

CREATE INDEX auth_user_username_6821ab7c_like ON public.auth_user USING btree (username varchar_pattern_ops);


--
-- Name: django_admin_log_content_type_id_c4bce8eb; Type: INDEX; Schema: public; Owner: postgres
--

CREATE INDEX django_admin_log_content_type_id_c4bce8eb ON public.django_admin_log USING btree (content_type_id);


--
-- Name: django_admin_log_user_id_c564eba6; Type: INDEX; Schema: public; Owner: postgres
--

CREATE INDEX django_admin_log_user_id_c564eba6 ON public.django_admin_log USING btree (user_id);


--
-- Name: django_session_expire_date_a5c62663; Type: INDEX; Schema: public; Owner: postgres
--

CREATE INDEX django_session_expire_date_a5c62663 ON public.django_session USING btree (expire_date);


--
-- Name: django_session_session_key_c0390e0f_like; Type: INDEX; Schema: public; Owner: postgres
--

CREATE INDEX django_session_session_key_c0390e0f_like ON public.django_session USING btree (session_key varchar_pattern_ops);


--
-- Name: app_answer app_answer_question_id_4b805cab_fk_app_question_id; Type: FK CONSTRAINT; Schema: public; Owner: postgres
--

ALTER TABLE ONLY public.app_answer
    ADD CONSTRAINT app_answer_question_id_4b805cab_fk_app_question_id FOREIGN KEY (question_id) REFERENCES public.app_question(id) DEFERRABLE INITIALLY DEFERRED;


--
-- Name: app_answer app_answer_user_id_5c46e195_fk_app_profile_user_ptr_id; Type: FK CONSTRAINT; Schema: public; Owner: postgres
--

ALTER TABLE ONLY public.app_answer
    ADD CONSTRAINT app_answer_user_id_5c46e195_fk_app_profile_user_ptr_id FOREIGN KEY (user_id) REFERENCES public.app_profile(user_ptr_id) DEFERRABLE INITIALLY DEFERRED;


--
-- Name: app_answerlike app_answerlike_answer_id_9b9924cc_fk_app_answer_id; Type: FK CONSTRAINT; Schema: public; Owner: postgres
--

ALTER TABLE ONLY public.app_answerlike
    ADD CONSTRAINT app_answerlike_answer_id_9b9924cc_fk_app_answer_id FOREIGN KEY (answer_id) REFERENCES public.app_answer(id) DEFERRABLE INITIALLY DEFERRED;


--
-- Name: app_answerlike app_answerlike_user_id_98d935b9_fk_app_profile_user_ptr_id; Type: FK CONSTRAINT; Schema: public; Owner: postgres
--

ALTER TABLE ONLY public.app_answerlike
    ADD CONSTRAINT app_answerlike_user_id_98d935b9_fk_app_profile_user_ptr_id FOREIGN KEY (user_id) REFERENCES public.app_profile(user_ptr_id) DEFERRABLE INITIALLY DEFERRED;


--
-- Name: app_profile app_profile_user_ptr_id_3955973b_fk_auth_user_id; Type: FK CONSTRAINT; Schema: public; Owner: postgres
--

ALTER TABLE ONLY public.app_profile
    ADD CONSTRAINT app_profile_user_ptr_id_3955973b_fk_auth_user_id FOREIGN KEY (user_ptr_id) REFERENCES public.auth_user(id) DEFERRABLE INITIALLY DEFERRED;


--
-- Name: app_question app_question_correct_answer_id_78a9314c_fk_app_answer_id; Type: FK CONSTRAINT; Schema: public; Owner: postgres
--

ALTER TABLE ONLY public.app_question
    ADD CONSTRAINT app_question_correct_answer_id_78a9314c_fk_app_answer_id FOREIGN KEY (correct_answer_id) REFERENCES public.app_answer(id) DEFERRABLE INITIALLY DEFERRED;


--
-- Name: app_question_tags app_question_tags_question_id_990c0de7_fk_app_question_id; Type: FK CONSTRAINT; Schema: public; Owner: postgres
--

ALTER TABLE ONLY public.app_question_tags
    ADD CONSTRAINT app_question_tags_question_id_990c0de7_fk_app_question_id FOREIGN KEY (question_id) REFERENCES public.app_question(id) DEFERRABLE INITIALLY DEFERRED;


--
-- Name: app_question_tags app_question_tags_tag_id_a28744fe_fk_app_tag_id; Type: FK CONSTRAINT; Schema: public; Owner: postgres
--

ALTER TABLE ONLY public.app_question_tags
    ADD CONSTRAINT app_question_tags_tag_id_a28744fe_fk_app_tag_id FOREIGN KEY (tag_id) REFERENCES public.app_tag(id) DEFERRABLE INITIALLY DEFERRED;


--
-- Name: app_question app_question_user_id_e30a086c_fk_app_profile_user_ptr_id; Type: FK CONSTRAINT; Schema: public; Owner: postgres
--

ALTER TABLE ONLY public.app_question
    ADD CONSTRAINT app_question_user_id_e30a086c_fk_app_profile_user_ptr_id FOREIGN KEY (user_id) REFERENCES public.app_profile(user_ptr_id) DEFERRABLE INITIALLY DEFERRED;


--
-- Name: app_questionlike app_questionlike_question_id_317f29a2_fk_app_question_id; Type: FK CONSTRAINT; Schema: public; Owner: postgres
--

ALTER TABLE ONLY public.app_questionlike
    ADD CONSTRAINT app_questionlike_question_id_317f29a2_fk_app_question_id FOREIGN KEY (question_id) REFERENCES public.app_question(id) DEFERRABLE INITIALLY DEFERRED;


--
-- Name: app_questionlike app_questionlike_user_id_2cf2ae7e_fk_app_profile_user_ptr_id; Type: FK CONSTRAINT; Schema: public; Owner: postgres
--

ALTER TABLE ONLY public.app_questionlike
    ADD CONSTRAINT app_questionlike_user_id_2cf2ae7e_fk_app_profile_user_ptr_id FOREIGN KEY (user_id) REFERENCES public.app_profile(user_ptr_id) DEFERRABLE INITIALLY DEFERRED;


--
-- Name: auth_group_permissions auth_group_permissio_permission_id_84c5c92e_fk_auth_perm; Type: FK CONSTRAINT; Schema: public; Owner: postgres
--

ALTER TABLE ONLY public.auth_group_permissions
    ADD CONSTRAINT auth_group_permissio_permission_id_84c5c92e_fk_auth_perm FOREIGN KEY (permission_id) REFERENCES public.auth_permission(id) DEFERRABLE INITIALLY DEFERRED;


--
-- Name: auth_group_permissions auth_group_permissions_group_id_b120cbf9_fk_auth_group_id; Type: FK CONSTRAINT; Schema: public; Owner: postgres
--

ALTER TABLE ONLY public.auth_group_permissions
    ADD CONSTRAINT auth_group_permissions_group_id_b120cbf9_fk_auth_group_id FOREIGN KEY (group_id) REFERENCES public.auth_group(id) DEFERRABLE INITIALLY DEFERRED;


--
-- Name: auth_permission auth_permission_content_type_id_2f476e4b_fk_django_co; Type: FK CONSTRAINT; Schema: public; Owner: postgres
--

ALTER TABLE ONLY public.auth_permission
    ADD CONSTRAINT auth_permission_content_type_id_2f476e4b_fk_django_co FOREIGN KEY (content_type_id) REFERENCES public.django_content_type(id) DEFERRABLE INITIALLY DEFERRED;


--
-- Name: auth_user_groups auth_user_groups_group_id_97559544_fk_auth_group_id; Type: FK CONSTRAINT; Schema: public; Owner: postgres
--

ALTER TABLE ONLY public.auth_user_groups
    ADD CONSTRAINT auth_user_groups_group_id_97559544_fk_auth_group_id FOREIGN KEY (group_id) REFERENCES public.auth_group(id) DEFERRABLE INITIALLY DEFERRED;


--
-- Name: auth_user_groups auth_user_groups_user_id_6a12ed8b_fk_auth_user_id; Type: FK CONSTRAINT; Schema: public; Owner: postgres
--

ALTER TABLE ONLY public.auth_user_groups
    ADD CONSTRAINT auth_user_groups_user_id_6a12ed8b_fk_auth_user_id FOREIGN KEY (user_id) REFERENCES public.auth_user(id) DEFERRABLE INITIALLY DEFERRED;


--
-- Name: auth_user_user_permissions auth_user_user_permi_permission_id_1fbb5f2c_fk_auth_perm; Type: FK CONSTRAINT; Schema: public; Owner: postgres
--

ALTER TABLE ONLY public.auth_user_user_permissions
    ADD CONSTRAINT auth_user_user_permi_permission_id_1fbb5f2c_fk_auth_perm FOREIGN KEY (permission_id) REFERENCES public.auth_permission(id) DEFERRABLE INITIALLY DEFERRED;


--
-- Name: auth_user_user_permissions auth_user_user_permissions_user_id_a95ead1b_fk_auth_user_id; Type: FK CONSTRAINT; Schema: public; Owner: postgres
--

ALTER TABLE ONLY public.auth_user_user_permissions
    ADD CONSTRAINT auth_user_user_permissions_user_id_a95ead1b_fk_auth_user_id FOREIGN KEY (user_id) REFERENCES public.auth_user(id) DEFERRABLE INITIALLY DEFERRED;


--
-- Name: django_admin_log django_admin_log_content_type_id_c4bce8eb_fk_django_co; Type: FK CONSTRAINT; Schema: public; Owner: postgres
--

ALTER TABLE ONLY public.django_admin_log
    ADD CONSTRAINT django_admin_log_content_type_id_c4bce8eb_fk_django_co FOREIGN KEY (content_type_id) REFERENCES public.django_content_type(id) DEFERRABLE INITIALLY DEFERRED;


--
-- Name: django_admin_log django_admin_log_user_id_c564eba6_fk_auth_user_id; Type: FK CONSTRAINT; Schema: public; Owner: postgres
--

ALTER TABLE ONLY public.django_admin_log
    ADD CONSTRAINT django_admin_log_user_id_c564eba6_fk_auth_user_id FOREIGN KEY (user_id) REFERENCES public.auth_user(id) DEFERRABLE INITIALLY DEFERRED;


--
-- PostgreSQL database dump complete
--

